COLONIA
10 DE MAYO
1RO DE JULIO
20 DE NOVIEMBRE
20 DE NOVIEMBRE TRES
22 DE SEPTIEMBRE
26 DE OCTUBRE
3 REYNAS
4 DE MARZO
4 OLIVOS
4 VIENTOS [RANCHO]
4TA ZONA MILITAR
5 DE MAYO
"5 DE MAYO SECTOR ""A"""
5 HERMANOS (ROBERTO SESMA)
A. LOPEZ MATEOS
ACACIAS RESIDENCIAL
ACASSIA BLANCA
ADOLFO DE LA HUERTA
ADOLFO LOPEZ MATEOS
ADOLFO LOPEZ MATEOS (LOS OLIVOS)
ADOLFO LOPEZ MATEOS III ETAPA
ADOLFO LOPEZ MATEOS IV
AEROPUERTO
AGAVES RESIDENCIAL
AGUALURCA
AGUAYO PORCHAS
AGUAZARCA
AKIWIKI
ALAMEDA
ALAMEDA LOS FRESNOS
ALAMO RESIDENCIAL
ALAMOS
ALBERTO GUTIERREZ
ALBORADA
ALCALA
ALCALA RESIDENCIAL
ALCATRACES
ALCATRAZ
ALCATRAZ\BAHIA DE KINO
ALEGRANZA
ALEGRANZA RESIDENCIAL
ALEJANDRO CARRILLO MARCOR
ALEMANIA
ALFONSO PERALTA
ALFREDO NORIEGA
ALONDRAS RESIDENCIAL
ALTA CALIFORNIA
ALTA CALIFORNIA RESIDENCIAL
ALTA CALIFORNIA RESIDENCIAL SECC CORONADO
ALTA MONACO
ALTA RIVERA
ALTADENA
ALTAFIRENZE RESIDENCIAL
ALTAMIRA
ALTARES
ALTARES AMANECERES
ALTARES CUARTA ETAPA
ALTARES II
ALTARES SECCION FRANCISCANOS
ALTARIA RESIDENCIAL
ALTARIA RESIDENCIAL SECC. NAPOLES
ALTO VALLE
ALTO VALLE SECTOR A
ALTOS DE ARAGON
ALTOZANO
ALVARO OBREGON
AMAPOLA NORTE
AMAPOLAS
AMPLIACION 4 DE MARZO
AMPLIACION ALCATRACES
AMPLIACION ALTARES
AMPLIACION COLOSIO
AMPLIACION EL MIRADOR
AMPLIACION LADRILLERAS
AMPLIACION LOS OLIVOS
AMPLIACION LUIS DONALDO COLOSIO 3RA.ETAPA
AMPLIACION SAHUARO
ANDALUCIA
ANGEL FLORES
ANGELES
ANGELES CERRADA MIXCOAC
ANTARA RESIDENCIAL
ANTONIO MENDEZ
ANTONIO PARADA CANO
ANTORCHA .
ANTORCHA CAMPESINA
APOLO
APOLO (LOCALIDAD RURAL)
AQUA KINO
AQUILES SERDAN (SANTA INES)
ARAGON RESIDENCIAL
ARANDANOS
ARANDANOS RESIDENCIAL
ARANDANOS SECCION VILLA HERMOSA
ARANJUEZ
ARANJUEZ RESIDENCIAL
ARBOLEDAS
ARCADIA
ARCADIA RESIDENCIAL
ARCADIA SECC. NAPOLES
ARCO IRIS
ARDENEZ
ARGANGEL RESIDENCIAL
ARIZONA
ARROYOS
ARTESANOS
ARTESANOS\BAHIA DE KINO
ASTURIAS RESIDENCIAL
ATARDECERES
AUREA RESIDENCIAL
AZORES RESIDENCIAL
BACHOCO
BADALONA
BAGALONA
BAHÍA DE KINO
BAHÍA DE KINO NUEVO
BALDERRAMA
BANUS
BANUS II
BARCELONA RESIDENCIAL
BARRIO CHULO
BARRIO DE LA CRUZ\BAHIA DE KINO
BASALTO
BASOPA (SAN ALFONSO)
BAZANO
BELLA VISTA
BELLAVISTA
BENEI
BENEI RESIDENCIAL
BENITO JUAREZ
BENITO JUAREZ (LOCALIDAD RURAL)
BENITO JUAREZ (SECCION TRES)
BERNARDO ESQUEDA
BICENTENARIO
BICENTENARIO 1810
BICENTENARIO 1910
BILBAO
BILBAO RESIDENCIAL
BONANZA
BONATERRA RESIDENCIAL
BONILLA
BOSCO RESIDENCIA
BRETAÑA
BUENA VENTURA
BUENA VISTA
BUENA VISTA SECC BONITA
BUENA VISTA SECCION AMANECERES
BUENAVENTURA
BUENAVISTA
BUENAVISTA (LOCALIDAD RURAL)
BUENOS AIRES
BUGAMBILIA
BUGAMBILIAS
BURGOS PITIC RESIDENCIAL
BUROCRATA MUNICIPAL
BURRO LINDO
CADIZ RESIDENCIAL
CAFE COMBATE
CAFE COMBATE II
CAFETALES
CAJEME
CALHIDRA DE SONORA [CALERA]
CALIFORNIA
CALIFORNIA ETAPA V
CALIFORNIA PRIVADA MONTEBELLO
CALIFORNIA PRIVADA SANTA MONICA
CALIFORNIA RESIDENCIAL
CALIFORNIA RESIDENCIAL CDA CORDOBA
CALIFORNIA RESIDENCIAL CDA SARATOGA
CALIFORNIA RESIDENCIAL SANTA ROSA
CALIFORNIA RESIDENCIAL SECC MARQUEZ
CALIFORNIA RESIDENCIAL SECC. SANTA MARTHA
CALIFORNIA RESIDENCIAL SECC. SANTA MONICA
CALIFORNIA RESIDENCIAL SECCION SANTA ROSA
CALIFORNIA SECC. MEDITERRANEO
CALIFORNIA SECC. SACRAMENTO
CALIFORNIA SECC. SARATOGA
CALIFORNIA SECCION MARQUEZA
CALIFRONIA RESIDENCIAL CERRADA SANTA ROSA
CALISTOGA
CALLE 28 NORTE
CALLE TRECE
CAMINO DEL SERI
CAMINO REAL
CAMINO REAL DEL NORTE
CAMINO REAL MISION
CAMPANARIO
CAMPESTRE
CAMPESTRE CASA BLANCA
CAMPESTRE CETÁCEAS
CAMPESTRE EJIDO LA YESCA
CAMPESTRE EL POTRILLO
CAMPESTRE LA HERRADURA
CAMPESTRE LOS BAGOTES
CAMPESTRE RESIDENCIAL
CAMPILLO (SANTA ROSALIA)
CAMPIÑA
CAMPO EL GRANDE
CAMPO GRANDE
CAMPO GRANDE (VIÑEDOS ALTA)
CAMPO GRANDE NUMERO DOS
CAMPO GRANDE SEGUNDA CERRADA GOLD WARER
CAMPO LA FLORIDA
CAMPO LAS LOMITAS
CAMPO NUEVO
CAMPO NUEVO (LOCALIDAD RURAL)
CAMPO SAN LUIS
CAMPOGRANDE RESIDENCIAL
CANADA DE LOS NEGROS
CANARIOS
CANTABRIA RESIDENCIAL
CANTERAS RESIDENCIAL
CANTERAS RESIDENCIAL SECCION MONTALBAN
CAPERUSO
CAPERUZO
CAPILLA
CAPISTRANO
CAPISTRANO 4TA SECCION
CARDENAS RESIDENCIAL
CARDENO
CARDENO 2
CARDENO ETAPA CELESTE II
CARDENO RESIDENCIAL
CARIDAD
CARMEN SERDAN
CARNAVALITO
CARNAVALITO\BAHIA DE KINO
CARRETERA 26
CARRETERA BAHÍA DE KINO
CARRETERA GUAYMAS
CARRETERA GUAYMAS - HERMOSILLO
CARRETERA INTERNACIONAL
CARRETERA URES
CARRETERA YECORA
CARRILLO MARCOR
CASA ALTA RDCIAL
CASA BLANCA
CASA BONITA
CASA BONITA 2
CASA BONITA RESIDENCIAL
CASA GRANDE
CASA GRANDE RESIDENCIAL
CASA GRANDE RESIDENCIAL I
CASA LINDA
CASA REAL
CASA SOLARI
CASERIO SAHUARO
CASERIO SOLAR
CASIA RESIDENCIAL
CASTELINA
CASTELLO RESIDENCIAL
CATABIÑA
CATALINAS RESIDENCIAL
CATAVIÑA RESIDENCIAL
CCUCURPE
CENTENARIO
CENTENARIO ISTESSON
CENTENARIO LUX
CENTRAL DE ABASTOS
CENTRO
CENTRO BAHIA DE KINO
CENTRO ECOLOGICO DE SONORA
CENTRO NORTE
CENTRO ORIENTE
"CENTRO SUR, MERCADO"
CERRADA 940
CERRADA ANDALUCIA
CERRADA CORONADO
CERRADA CUCURPE
CERRADA DE LA CAPILLA
CERRADA DE MINAS
CERRADA DEL ANGEL
CERRADA DEL CID
CERRADA DIAMANTES
CERRADA EL ENCANTO
CERRADA KUKAPA
CERRADA LA CAPILLA
CERRADA LA CARIDAD
CERRADA LA VEREDAS
CERRADA MILAN
CERRADA MINAS
CERRADA NORWALK
CERRADA PALO VERDE
CERRADA PIMAS
CERRADA ROBLES
CERRADA SAN IGNACIO
CERRADA SAN RAFAEL
CERRADA SANTA MONICA
CERRADA SANTA MONICA CALIFORNIA
CERRADA SUAQUI GRANDE
CERRADA VISTA AZUL
CERRO
CERRO 1
CERRO 2
CERRO APACHE
CERRO COLORADO
CERRO DE LA CAMPANA
CERRO DE LA CRUZ
CERRO DE LA VIRGEN
CERRO LA CAMPANA
CEZANNE RESIDENCIAL
CHANATE
CHINO ABELARDO
CHOYAL
CHULA VISTA
CHULAVISTA
CIMA II
CIMA RESIDENCIAL
CINCO DE MAYO
CIRENSE RESIDENCIAL
CLUB BRITANIA
CLUB CAMPESTRE RÍO AZUL
CLUB DE GOLF LOS LAGOS
CNOP
COL LADRILLERA
COLINA BLANCA
COLINA DEL VALLE
COLINAS
COLINAS DE SAN JAVIER
COLINAS DEL BACHOCO
COLINAS DEL MAR
COLINAS DEL SOL
COLINAS II
COLINAS RESIDENCIAL
COLINAS RESIDENCIALES DEL BACHOCO
COLONA BLANCA
COLONIA LAS COSECHAS
COLONIA RURAL
COLONIA RURAL HERMOSILLO
COLONIA SAN BENITO
COLOSO
COLOSO ALTA
COLOSO ALTO
COLOSO BAJO
COLOSO NORTE
COLOSO ORIENTE
COMBATE
COMERCIAL CEDROS
COMPOSTELA RESIDENCIAL
CONCORDIA RESIDNCIAL
CONDESA
CONDOMINIO HACIENDA REAL
CONDOMINIO VILLAS DEL MAR
CONDOMINIOS INN
CONDOMINIOS JACQUELYNN
CONDOMINIOS LOS PORTALES RESIDENCIAL
CONDOMINIOS SAN PABLO
CONJUNTO ALBORADA
CONQUISTADORES
CONSTITUCIÓN
CORCELES
CORCELES RESIDENCIAL
CORCELES SECC ALTER REAL
CORCELES SECC ARDENES
CORCICA
CORCITA RESIDENCIAL
CORDOBA RDCIAL
CORDOBA RESIDENCIAL
CORONADO
CORONADO RESIDENCIAL
CORRALES SAN JUANERO
CORSELES
CORSICA RESIDENCIAL
CORTIJO PERIODISTAS
CORTIJO PIONEROS
CORTIJO SECCION PERIODISTAS
CORTIJO SECCION PIONEROS
CORTIJO UNISON
CORUÑA
COSTA DEL SOL
COSTA DEL SOL 2DA ETAPA
COSTA RICA
COUNTRY CLUB
COUNTRY CLUB II
COUNTRY CLUB RESIDENCIAL
CRISTOBAL COLON
CRUCERO (CUATRO Y VEINTISEIS)
CRUCERO DOCE Y VEINTISEIS
CRUZ GALVEZ (EL CAPORAL)
CRUZ GÁLVEZ
CUADRA LOS LOCOS
CUADRA MARQUEZ
CUARTEL 15A
CUARTEL PITIC
CUARTEL XV
CUARTEL XX CAFE COMBATE
CUATRO OLIVOS
CUAUHTEMOC
CUCURPE
CUCURPE II
CUEVITAS
CUMBRES RESIDENCIAL
DALI
DE LA CRUZ
DE LA UNION 17 DE JULIO
DE LOS POETAS
DE LOS REYES
DEL BOSQUE
DEL CARMEN (LAS ISLAS)
DEL CID RESIDENCIAL
DEL RAZO
DESARROLLO (PERICOS DOS)
DIAMANTE
DILIGENCIAS
DIVISION DEL NORTE
DOS TRIANGULOS
DUNAS
DUNAS II
ECONATURA
EJ. EL TRIUNFITO
EJIDO  EL BUEY
EJIDO CARRILLO MARCOT
EJIDO EL CHANATE
EJIDO EL CHOYUDO
EJIDO EL REALITO
EJIDO EL TRIUNFO
EJIDO EL ZACATON
EJIDO LA HABANA
EJIDO LA MANGA
EJIDO LA PEAÑA
EJIDO LA VICTORIA
EJIDO LAS PLACITAS
EJIDO LOS CHOROS
EJIDO MESA DE SERI
EJIDO MINERO DE PILARES
EJIDO NUEVO SAN MIGUEL
EJIDO PLAN DE AYALA
EJIDO SAN BARTOLO
EJIDO SAN JUAN
EJIDO ZAMORA
EJODO EL BUEY
EL 33
EL ALAMITO (CAMPO EL CHALE)
EL ALAMITO BUENAVISTA (EL TRONCONAL)
EL ANTORCHA
EL APACHE
EL BUEY
EL CACULLA
EL CAPERUZO
EL CARMEN
EL CARMEN (LOCALIDAD RURAL)
EL CEBOLLON [CAMPESTRE]
EL CHALATE
EL CHAPARRAL
EL CHAPARRAL [FRACCIONAMIENTO]
EL CHATARRAL
EL CHICOTAZO
EL CHIPILON
EL CHOYUDO
EL CHOYUDO (LOS JAPONESES)
EL CIMARRON
EL COLORADO
EL COLOSO
EL COLOSO ALTO
EL CONQUISTADOR
EL CONSEJO
EL CORTIJO
EL CORTIJO PERIODISTA
EL CORTIJO UNISON
EL CRUCERO (CERO NORTE)
EL CRUCERO (LA TREINTA Y SEIS SUR)
EL DORADO
EL DORADO I
EL EJIDO LA YESCA
EL ENCANTO
EL ENCANTO RESIDENCIAL
EL ESPLENDOR
EL ESPLENDOR 2
EL ESPLENDOR II
EL ESPLENDOR III
EL FUNDADOR
EL GAVILAN
EL GUAYACAN
EL GUAYPARIN (SAN CARLOS)
EL JABALI
EL JITO
EL LLANITO
EL LLANO
EL MALECÓN
EL MARIACHI
EL MEZQUITAL DEL ORO (EL AGUILA)
EL MEZQUITE
EL MIRADOR
EL MODELO
EL MOLINO (LOCALIDAD RURAL)
EL MOLINO DE CAMOU
EL NOGAL
EL OCOTILLO [FRACCIONAMIENTO]
EL OREGANO
EL PALOMAR
EL PAPALOTE
EL PAÑUELITO
EL PEDERNAL TRES
EL PEPACHE (FRANCISCO QUIROGA)
EL PINACATE II
EL PORVENIR
EL PROGRESO
EL PUEBLITO
EL QUEMADO
EL RANCHITO
EL RANCHITO (LOCALIDAD RURAL)
EL RANCHO (FRANCISCO SALIDO ROCHI)
EL REAL DEL CATORCE
EL REALENGO
EL REALITO
EL RECODO
EL REPRESITO DEL PADRE
EL REPRESO
EL RETIRO
EL ROSARIO
EL SAHUARITO
EL SAHUARO
EL SAPO
EL SAUCITO
EL SAUCITO 2
EL SAUCITO DE ENMEDIO
EL SECRETO
EL SOCORRO
EL SOCORRO (LOCALIDAD RURAL)
EL SOLITO (EL RELAX)
EL SONOT
EL TALAYOTE
EL TAZAJAL
EL TERRENO
EL TIJERITO
EL TIJERITO (LOCALIDAD RURAL
EL TOJUNGO SUR
EL TOPE
EL TORREON
EL TRIUNFITO
EL TRIUNFO
EL TRIUNFO (LOCALIDAD RURAL)
EL TRONCONAL
EL VEINTE (LA PEAÑA)
EL ZACATON
EMILIANO ZAPATA
EMILIANO ZAPATA (LOCALIDAD RURAL)
EN LA INVASION 3 REYNAS
EN LAS PALMITAS
ENCINAS (JOEL ENCINAS) [RANCHO]
ENCINOS 2
ENGORDA CAMPO NUEVO
EQUIPAMIENTO EDUCATIVO
ESMERALDA
ESMERALDA RESIDENCIAL
ESPERANZA
ESPLENDOR
ESPLENDOR 3 ETAPA
ESPLENDOR TRES
ESTACION ZAMORA
ESTADIO NUEVO SONORA
ESTADIO SONORA
ESTANSA RESIDENCIAL
ESTANZA
ESTANZA FLORECIA
ESTANZA FLORENZA
ESTANZA SECCION TORREALBA
ESTAUS
EUSEBIO KINO
EUSEBIO KINO-ISSSTESON
EXT. COLOSIO
EXTENCION 4 DE MARZO
FEROCARRILERA
FERROCARRILERA
FIRENZE
FIRENZE RESIDENCIAL
FLAMINGOS
FLORENSA RESIDENCIAL
FLORES MAGON
FLORESTA
FLORESTA SECC. VILLA SAUCES
"FLORESTA SECCION ""VILLA CIRUELOS"""
FLORESTA SECCION CIPRES
FLORESTA SECCION SAUCES
FLORESTA SECCION VILLA ALMENDRAS
FLORESTA VILLA ALMENDRAS
FLORESTA VILLA CIPRECES
FLORESTA VILLA CIRUELOS
FLORESTA VILLA FRESNOS
FONAPO
FONHAPO
FOVISSSTE
FRAC. TOPACIO
FRACC HACIENDAS
FRACC SANTA CLARA
FRACC SEDONA
FRACC. CANTERAS
FRACC. CARDENO RESIDENCIAL
FRACC. DE LA CAPILLA
FRACC. ESTANZA FLORENZA
FRACC. LA CAÑADA
FRACC. PASEO DEL CID
FRACC. RETORNO DE LA MISION
FRACC. URBI VILLA DEL CEDRO
FRACC. URBIVILLA CAMPESTRE
FRACC. VILLAS ROMANZA
FRACC. VISTA REAL
FRACC.DALLAS RESIDENCIAL
FRACC.SANTA ANITA
FRACC: RIO DE PLATA
FRACCIONAMIENTO ALONDRAS
FRACCIONAMIENTO BELLA VISTA
FRACCIONAMIENTO BONANZA
FRACCIONAMIENTO CAMPESTRE LA COLMENA
FRACCIONAMIENTO CAMPESTRE LAS GRANJAS
FRACCIONAMIENTO CASA REAL
FRACCIONAMIENTO CASTELLINA
FRACCIONAMIENTO CHULA VISTA
FRACCIONAMIENTO COLINAS DEL VALLE
FRACCIONAMIENTO COSTA DEL SOL
FRACCIONAMIENTO CUAUHTEMOC
FRACCIONAMIENTO DE LAS VEREDAS
FRACCIONAMIENTO EL CHAPARRAL
FRACCIONAMIENTO EL DORADO
FRACCIONAMIENTO EL PORVENIR
FRACCIONAMIENTO EMPERADOR
FRACCIONAMIENTO ESMERALDA
FRACCIONAMIENTO FLORESTA
FRACCIONAMIENTO GIRASOLES
FRACCIONAMIENTO LA CARIDAD
FRACCIONAMIENTO LA JOYA
FRACCIONAMIENTO LAS CARRETAS
FRACCIONAMIENTO LAS LOMAS
FRACCIONAMIENTO LAS PRADERAS
FRACCIONAMIENTO LAS RIBERAS SECCION VILLA ALICANTO
FRACCIONAMIENTO MIRAMONTES
FRACCIONAMIENTO MONTECARLO
FRACCIONAMIENTO NATURA RUBA
FRACCIONAMIENTO OASIS SANTA FE
FRACCIONAMIENTO OASIS SOLERA
FRACCIONAMIENTO PALMEIRA
FRACCIONAMIENTO PARQUE INDUSTRIAL
FRACCIONAMIENTO PILARES
FRACCIONAMIENTO POTRERO DE BUSHARD
FRACCIONAMIENTO PRIMAVERA
FRACCIONAMIENTO RANCHO GRANDE
FRACCIONAMIENTO RÍO BONITO
FRACCIONAMIENTO SAN DIEGO
FRACCIONAMIENTO SAN FRANCISCO
FRACCIONAMIENTO SAN GERMAN
FRACCIONAMIENTO SAN ISIDRO
FRACCIONAMIENTO SAN JAVIER
FRACCIONAMIENTO SAN LORENZO
FRACCIONAMIENTO SAN MARCOS
FRACCIONAMIENTO SAN PABLO
FRACCIONAMIENTO SAN RAFAEL
FRACCIONAMIENTO STAUS
FRACCIONAMIENTO TERRANOVA
FRACCIONAMIENTO TIERRA NUEVA
FRACCIONAMIENTO VELAS
FRACCIONAMIENTO VILLA DORADA
FRACCIONAMIENTO VILLAS DEL SUR
FRACCIONAMIENTOBUENA VISTA
FRACCIONAMIENTOLOS ANGELES
FRACIONAMIENTO LAS VILLAS DEL NOGAL
FRANCISCO E. KINO ISSSTESON
FRANCISCO EUSEBIO KINO
FRANCISCO ROMERO
FRANCISCO ROMERO (INVACION )
FRANCISCO VILLA
FRANSICO ROMERO
FRESNO RESIDENCIAL
FRESNOS ALAMEDA
FRUCTUOSO MENDEZ
FUENTE  DE PIEDRA
FUENTE CIBELES
FUENTE DANZANTE
FUENTES DEL CENTENARIO
FUENTES DEL MEZQUITAL
GABY PEREDA I
GABY PEREDA II
GABY PEREYRA
GALA
GALA 2
GALA 3
GALA II
GALA III
GALA RESIDENCIAL
GANADERA CONTRERAS
GANADERA GAPA
GENOVA RESIDENCIAL
GIRASOLES
GRANJA GUADALUPE
GRANJA PECUARIA #7
GRANJA SANTA RAQUEL
GRANJAS
GUADALUPE VICTORIA
GUAYACAN
GUERRERO
H. AYUNTAMIENTO
HACIENDA DE LA FLOR
HACIENDA DEL SOL
HACIENDA EL ANGAR
HACIENDA EL CERRITO
HACIENDA LAS MINITAS
HACIENDA LAS PLACITAS
HACIENDA LOS ALCATRACES
HACIENDA LOS LIRIOS
HACIENDA LOS TESOROS
HACIENDA LOS TESOROS [FRACCIONAMIENTO]
HACIENDA RESIDENCIAL
HACIENDA RESIDENCIAL CONDOMINAL
HACIENDA SAN MIGUEL
HACIENDAS
HACIENDAS CAMPESTRE
HACIENDAS DEL SUR
HACIENDAS LOS FRESNOS
HACIENDAS REAL DEL 14
HEBERTO CASTILLO
HECTOR FRANCISCO ROMERO
HECTOR FRANCISCO ROMERO ETAPA II
HEMA-NOVINA
HERMOSA PROVINCIA
HERMOSILLO
HERMOSILLO CENTRO
HIPICO
HOPE LAS BRISAS [CLINICA]
HOYO DE BONILLAS
HUAREQUI
HUMBERTO GUTIERRES (LAS CUEVITAS)
HUMBERTO GUTIERREZ
HUMBERTO GUTIERREZ CORONA
INALAMBRICA
INAVSION LAS COSECHAS
INDECO CENTENARIO
INFONAVIT
INN. TRES REYNAS
INSURGENTES
INSURGENTES (MIGUEL ALEMAN)
INTERNACIONAL
INV 3 REYES
INV COYOACAN
INV LA COSECHA
INV. ADOLFO LOPEZ DE LA HUERTA
INV. MAQUENAS
INV. NUEVO HORIZONTE
INV. PLUTARCO ELIAS CALLE
INV. PROLONGACION RANCHITO
INV. TEPITO
INV. TRES REINAS
INVACION ANTORCHA
INVACION INSURGENTES 4 ETAPA
INVACION LOS LIRIOS O TEPITO
INVACION NUEVO SONORA
INVACION SAMUEL RIO VARELA
INVASION 3 REYES
INVASION 3 REYNAS III
INVASION ADOLFO DE LA HUERTA
INVASION ADOLFO LOPEZ MATEOS
INVASION ALCATRACES
INVASION ALTARES
INVASION ALTARES 3
INVASION COLOSIO
INVASION EL MIRADOR
INVASION EL RANCHITO
INVASION GUAYACAN
INVASION LA ANTORCHA
INVASION LAS 3 REYNAS
INVASION LAS PEREDAS 2
INVASION LAS PEREDAS 3
INVASION MIGUEL VALENCIA
INVASION NUVA ILUSION
INVASION PLUTARCO ELIAS CALLES
INVASION REALENGO
INVASION SAN LUIS
INVASION VILLA BONITA
INVASIÓN EL CHAPARRAL
IRRIGACION
ISDAMAR
ISSSTE
ISSSTE FEDERAL
ISSSTESON CENTENARIO
ISSSTESON CENTENARIO LUX
ISSSTESON COLEGIO LUX
ISSSTESON NORTE
IXPALIA
JACARANDAS
JACINTO LOPEZ
JACINTO LOPEZ (LA GALERA)
JARDINES
JARDINES DE MÓNACO
JARDINES DEL PARAISO
JEREZ DEL VALLE
JESUS GARCIA
JESUS GARCIA (FRACCIONAMIENTO)
JESUS GARCIA II
JESUS VEGA
JESUS VEGA AGUILAR
JOB GAXIOLA
JORGE VALDEZ JIULLERAT
JORGE VALDEZ MUÑOZ
JOSE LOPEZ PORTILLO
JOSEFINA DOS
JOYAS DEL BACHOCO
KILOMETRO 223
KILOMETRO CUARENTA Y CUATRO
KINO
KINO BAY ESTATES
KINO NUEVO
KINO VIEJO
KOWI (SANTA ISABEL)
L LA ANTORCHA
LA ALAMEDA
LA ANTORCHA
LA ANTORCHA 2
LA ANTORCHA CAMPESINA
LA ATLANTIDA
LA AURORA
LA BASE (LOS HOYOS)
LA BURA
LA CABAÑA DEL MOCHOMO
LA CAMPANA
"LA CAMPINA II, III, IV, V"
LA CAMPINA III IV Y V ETAPAS
LA CAMPINA SECC GIRASOLES
LA CAMPIÑA
LA CARIDAD
LA CASCABEL
LA CAÑADA
LA CHIRA
LA CHOLLA
LA CHOYA
LA CIMA
LA CIMA II
LA CIMA SECCION II
LA CIMA2
LA COLLA
LA COLMENA (POZO CUATRO) [HUERTA]
LA COLORADA
LA CORUBA
LA CORUÑA RESIDENCIAL
LA CORUÑA SECCION PRIVADA ORZAN
LA COSECHA
LA COSECHA NORTE
LA COYOTA (LA COYOTITA)
LA CRUZ
LA CUATRO OLIVOS
LA CUESTA (POZO DOS) [VIÑEDO]
LA CURVA
LA ENCANTADA
LA ENCANTADA PRIVADA ALEBRIJES
LA ENCANTADA PRIVADA AZULEJOS
LA ENCANTADA PRIVADA LEYENDAS
LA ENCANTADA RESIDENCIAL
LA ESCONDIDA (LOCALIDAD RURAL)
LA FINCA
LA FLORESTA
LA FLORESTA SECC CEIBA
LA FLORESTA SECC CIRUELOS
LA FLORESTA SECC VILLA FRESNOS
LA FLORIDA [VIÑEDO]
LA FRANJA
LA FUENTE DE LA JUVENTUD
LA GALERA
LA GLORIA
LA GRANJA LOPEZ
LA HABANA NUMERO DOS
LA HABANA NUMERO UNO
LA HABANA TRES
LA HABANA [ESTABLO]
LA HABANA [PORCICOLA Y AVICOLA]
LA HANTORCHA
LA HERRADURA
LA HERRADURA [CAMPESTRE]
LA HUERTA
LA INES
LA INTERNACIONAL
LA JOLLA
LA JOLLA SECCION VILLA DE LOS DIAMANTES
LA JOLLA SECCION VILLA TURQUESA
LA JOYA
LA JOYA I VILLAS DE LOS ZAFIROS
LA JOYA VILLA DE LAS ESMERALDAS
LA JOYA VILLA DE LOS DIAMANTES
LA LABOR
LA LENGÜETA
LA LOMA
LA MANGA
LA MANGA (LOCALIDAD RURAL)
LA MARQUEZA
LA MATANZA
LA METALERA
LA MISION
LA MORENA DOS
LA MOSCA
LA MOSQUITA [FRANCISCO MOLINA]
LA NAVIDAD
LA NORIA
LA NUEVA VICTORIA
LA OREJANA
LA PALAPA
LA PALMA
LA PALMA (LOCALIDAD RURAL)
LA PALOMA
LA PALOMA (RANCHO)
LA PALOMA RESIDENCIAL 4
LA PALOMA RESIDENCIAL I
LA PALOMA RESIDENCIAL II
LA PEAÑA
LA PEAÑA
LA PEAÑA NUEVA
LA PERSEVERANCIA (LOS FUMICOS)
LA PEÑA
LA PINTADA [RESTAURANTE]
LA POMONA
LA PONDEROSA
LA POZA (BLOQUERA)
LA PRADERA
LA PRIMAVERA
LA PROVIDENCIA
LA REFORMA
LA REFORMA (RANCHERIA)
LA RESOLANA
LA REYNA
LA RIOJA
LA RIOJA NORTE
LA RIOJA RESIDENCIAL
LA ROSILLA [RANCHO]
LA ROSILLITA DEL CHINO
LA TRACALA
LA TRINIDAD
LA VALENCIANA (LA PEAÑA)
LA VEBENA
LA VENTANA
LA VENTANA SECC. LA REJA
LA VENTANITA
LA VERBENA
LA VERBENA SECCION ASTURIAS I ETAPA
LA VERBENEA
LA VICTORIA
LA VICTORIA (FRANCISCO QUIROGA) [ESTABLO]
LA VICTORIA (LA CRINOLINA) [CORRALES]
LA VICTORIA (NUEVACREACION)
LA VICTORIA COLONIA PUNTA BELLA
LA YESCA
LA YUTA
LADRILLERA
LADRILLERAS
LARVAS GENESIS
LAS ACACIAS
LAS ALAMEDAS
LAS ALBERCAS [CAMPESTRE]
LAS ARBOLEDAS
LAS AVES
LAS CARRETAS
LAS COLINAS
LAS COSECHAS
LAS CUEVAS
LAS CUEVITAS
LAS DILIGENCIAS
LAS DOS MARÍAS
LAS FLORES
LAS FUENTES
LAS GLORIAS
LAS GRANJAS
LAS HACIENDAS
LAS HACIENDAS RESIDENCIAL
LAS HUERTITAS
LAS ISABELES
LAS L OMAS
LAS LADRILLERAS
LAS LOMAS
LAS LOMAS DE CORTES
LAS LOMAS DEL MIRADOR
LAS LOMAS DEL PITIC
LAS LOMAS DEL SOL
LAS LOMAS DEL SUR
LAS LOMAS DUMAS
LAS LOMAS ETAPA 2
LAS LOMAS PRIVADA DEL BOSQUE
LAS LOMAS PRIVADA LAS LOMAS
LAS LOMAS REAL DEL PARQUE
LAS LOMAS SECC ALMENDROS
LAS LOMAS SECC BONITA 1
LAS LOMAS SECC CASTANOS
LAS LOMAS SECC. BONITA
LAS LOMAS SECC. SEC
LAS LOMAS SECCION BONITA 2
LAS LOMAS SECCION LOS MANZANOS
LAS LOMAS SECCION PARAISO
LAS LOMAS SECCIÓN BONITA
LAS LOMAS SECCIÓN CASTAÑOS
LAS LOMAS SECCIÓN EL PARAÍSO
LAS LOMAS SECCIÓN LOS MANZANOS
LAS LOMAS SECCIÓN SEC
LAS MERCEDITAS (AGRONUTS)
LAS MILPAS (LOCALIDAD RURAL)
LAS MINITAS
LAS PALMAS
LAS PALMAS (MIGUEL ALEMAN)
LAS PALMAS (VILLA)
LAS PALOMAS
LAS PEREDAS
LAS PEREDAS (GABY PEREDA I)
LAS PEREDAS 2
LAS PICHONERAS
LAS PILAS
LAS PLACITAS
LAS PLACITAS SECC. II
LAS PLASITAS PRIMERAS
LAS PLAZAS
LAS PRADERAS
LAS PRADERAS DEL VALLE
LAS PRADERAS IV
LAS PRADERAS NORTE
LAS PRADERAS SUR
LAS PROVINCIAS
LAS PROVINCIAS SECC. SALAMANCA
LAS QUINTAS
LAS RIBERAS DEL PITIC
LAS TOMASAS
LAS TORRES
LAS TRANCAS
LAS TRES REYNAS
LAS VEREDAS
LAS VIBORAS
LAS VILLAS
LAS VILLAS DEL NOGAL
LAS VISTA
LAS VISTAS
LASLOMAS
LAURA ALICIA FRIAS DE LOPEZ NOGALES
LAURA FRIAS DE LOPEZ NOGALES
LAZARO CARDENAS
LAZARO CARDENAS (BAHIA DE KINO)
LB
LEY 57
LIBERTAD
LIBRAMIENTO
LIC. IGNACIO RAMIREZ Y SU ANEXO SAN PEDRO [NCPE]
LIRIOS
LIRIOS II
LLANO
LLANO VERDE
LOMA BLANCA
LOMA LINDA
LOMA LINDA (BAHIA DE KINO)
LOMA LINDA \ KINO VIEJO
LOMAS ALTAS
LOMAS ALTAS PERIFERIA
LOMAS DE CORTEZ
LOMAS DE HERMOSILLO
LOMAS DE KINO
LOMAS DE LINDAVISTA
LOMAS DE MADRID
LOMAS DE REFORMA
LOMAS DE SAN GERMAN
LOMAS DEL BACHOCO
LOMAS DEL BARROCAN RESIDENCIAL
LOMAS DEL MARQUEZ
LOMAS DEL MIRADOR
LOMAS DEL NORTE
LOMAS DEL NORTE Y PARAISO
LOMAS DEL PARAISO
LOMAS DEL PARQUE
LOMAS DEL PITIC
LOMAS DEL RUR
LOMAS DEL SUR
LOMAS PITIC
LOMAS PLUS
LOPEZ PORTILLO
LOPEZS RIESGO
LORENZO RESIDENCIAL
LORETO
LORETO RESIDENCIAL
LOS ABRIL (RUBEN ABRIL)
LOS ALAMITOS
LOS ALAMOS
LOS ALTOS
LOS ANGELES
LOS ARBOLITOS
LOS ARCOS
LOS ARROYOS
LOS ARROYOS (AEROPUERTO
LOS ARROYOS (LOCALIDAD RURAL)
LOS ARROYOS II
LOS ATARDECERES
LOS BAGOTES (LA NOPALERA)
LOS BAGOTES 2 (MANUEL RAMON MADA ARVAYO)
LOS BENAVIDES
LOS CANARIOS
LOS CANARIOS\MIGUEL ALEMAN (LA DOCE)
LOS CHINOS
LOS CHOROS
LOS CIRIOS
LOS COCHITOS (LOS COCHITOS UNISON)
LOS COPALES
LOS COYOTES
LOS CUATRO (PALERMO)
LOS ENCINOS
LOS ENCINOS I ETAPA III
LOS ENCINOS RESIDENCIAL
LOS FRAILES
LOS FRESNOS
LOS GIRASOLES
LOS GUAJOLOTES
LOS HOYOS
LOS IGUALADOS
LOS JARDINES
LOS LAGOS
LOS LAGOS SECC. LAGO ESCONDIDO
LOS LIRIOS
LOS LIRIOS INV. TEPITO
LOS LOMAS
LOS MANANTIALES
LOS MEXICANOS
LOS MEZQUITES
LOS MIRASOLES
LOS MISIONEROS
LOS MORALES
LOS NARANJOS
LOS OLIVOS
LOS PAÑUELOS
LOS PINOS
LOS PINOS (COLONIA ADOLFO LOPEZ MATEOS)
LOS PINOS CAMPESTRE
LOS PINOS RDCIAL
LOS PINOS RESIDENCIAL
LOS PINOS SEGUNDA ETAPA
LOS POCITOS
LOS POCITOS (LOCALIDAD RURAL)
LOS POETAS
LOS POLVORINES
LOS PORTALES
LOS ROSALES
LOS SABINOS
LOS SANTOS
LOS SANTOS RESIDENCIAL
LOS SAUCES
LOS TULIPANES
LOS VINEDOS
LOS VINEDOS II
LOS VIÑEDOS I
LOSOLIVOS
LOTE BALDIO
LUIS DONALDO COLOSIO
LUIS DONALDO COLOSIO (BAHIA KINO)
LUIS DONALDO COLOSIO (MIGUEL ALEMAN)
LUIS DONALDO COLOSIO 3RA.ETAPA
LUIS DONALDO COLOSIO 4TA. ETAPA
LUIS ENCINAS
LUZ VALENCIA
MACHI LOPEZ
MACLASA (CAMSA)
MAGISTERIAL
MALECON
MALLORCA RESIDENCIAL
MANANTIAL DE CAMOU [CAMPESTRE]
MANLIO FABIO BELTRONES
MANUEL AVILA CAMACHO
MANUEL GOMEZ MORIN
MANUEL J CLOUTHIER
MARGARITAS OLIVOS
MARIACHI
MARIN PARAISO
MARLEN
MARQUESA
MARSELLA RESID.
MARSELLA RESIDENCIAL
MARTIN VALENCIA
MARTIRES DE CANANEA
MAYA
MAYORCA
MEDITERRANEO
MEDITERRÁNEO RESIDENCIAL
MEGA CENTRO
MEGACENTRO
MERLOT
MESA DEL SERI
MESA VERDE
MESA VERDE RESIDENCIAL
MESAVERDE
METALERA
METROCENTRO
MEZORO
MEZQUITAL DEL ORO
MICROPARQUE INDUSTRIAL
MICROPARQUE INDUSTRIAL NORTE
MIGUEL ALEMAN
MIGUEL ALEMAN (LA DOCE)
MIGUEL ANGEL JIMENEZ
MIGUEL HIDALGO
MIGUEL HIDALGO (BAHIA DE KINO)
MIGUEL VALDEZ
MIGUEL VALENCIA
MILAGRO DE FATIMA
MILAN
MILAN RESIDENCIAL
MILLAN RESIDENCIAL.
MILPA BAJA
MINEROS DE PILARES
MIRADOR
MIRADOR DEL BACHOCO
MIRADOR DEL PARAISO
MIRAMONTES
MISION DE ANDALUCIA
MISION DE ANDALUCIA RES
MISION DE SAN IGNACIO
MISION DEL SOL
MISION LOS LIRIOS
MISION SAN CRISTOBAL
MISIONEROS
MISIÓN DEL ARCO
MISIÓN DEL REAL
MISIÓN SAN IGNACIO
MISIÓN SAN JERÓNIMO
MISSION
MIXCOAC
MIXCOATL
MOCTEZUMA
MODELO
MODELO CENTRO
MODELO CENTRO (GUAYMAS J. SIERRA)
MODELO NORTE
MODELO RETORNOS
MODELO SUR RETORNOS
MOLINO DE CAMOU
MOLINO DE CAMOU (SAN ISIDRO)
MONACO PRIVADA RESIDENCIAL
MONACO PRIVADAS
MONARCA RESIDENCIAL
MONTALBAN O CANTERAS
MONTANA
MONTE ALBAN SECC. 2
MONTE CARLO
MONTE ELENA
MONTE REAL
MONTE SERENO
MONTEALBAN
MONTEALBAN RESIDENCIAL
MONTEBELLO
MONTEBELLO RESIDENCIAL
MONTECARLO
MONTECARLOS
MONTECRISTO
MONTEREAL
MONTERO
MONTEROSA
MONTEROSA RESIDENCIAL
MONTERREY (LOCALIDAD RURAL)
MORELOS
MURAN
MURANO
MURANO RESIDENCIAL
NACAMERI
NAPOLES
NATURA
NAVARRETE
NAZAREO RESIDENCIAL
NIÑOS HEROES
NOCHITONGO
NORBERTO ORTEGA
NUEVA CASTILLA
NUEVA ESPAÑA
NUEVA ESPERANZA
NUEVA ESPERANZA (LOCALIDAD RURAL)
NUEVA EUROPA
NUEVA GALICIA
NUEVA ILUSION
NUEVA ILUSION [CAMPESTRE]
NUEVA PALMIRA
NUEVA PROVINCIA
NUEVA VICTORIA
NUEVA VILLA SUREÑA
NUEVO AMANECER
NUEVO DESIERTO
NUEVO HERMOSILLO
NUEVO HORIZONTE
NUEVO KINO
NUEVO MEXICO
NUEVO PROGRESO
NUEVO SAHUARO
NUEVO SONORA
NUEVO SONORA\MIGUEL ALEMAN (LA DOCE)
NUEVO TRIUNFO
NUUEVA ESPERANZA.
OASIS
OASIS  MONTE REAL
OASIS DE KINO
OASIS DEL PINACATE
OASIS DEL SOL
OASIS DEL SOL / HERMOSILLO
OASIS LANTANA
OASIS MESA VERDE
OASIS MIRAMONTES
OASIS PALMEIRA
OASIS PINACATE
OASIS SANTA FE
OASIS SECC PINACATE
OASIS SOLANA
OASIS SOLERA
OBISPO RESIDENCIAL
OBISPOS
OFICINAS FEDERALES
OLIVARES
OLIVARES NORTE
OLIVOS
OLOS OLIVOS
OPATAS
OREBALMA
P. INDUSTRIAL
P. INDUSTRIAL DYNATECH
P. INDUSTRIAL LA LABOR
PALERMO
PALERMO RESIDENCIAL
PALERMO SECCION FERRARA
PALERMO SECCION PARTANNA
PALERMO SECCION VENETO
PALMA DORADA
PALMAR DEL SOL
PALO FIERRO
PALO VERDE
PALO VERDE FINAL
PALO VERDE INDEUR
PALO VERDE LOS OLIVOS
PALO VERDE NORTE
PALO VERDE SUR
PALOMA RESIDENCIAL
PALOVERDE INDEUR LOS OLIVOS
PANTEON
PARADA CANO
PARAISO PITIC
PARQUE CENTRAL
PARQUE INDUSTRIAL
PARQUE INDUSTRIAL (ZONA INDUSTRIAL)
PARQUE INDUSTRIAL DAMOSA
PARQUE INDUSTRIAL DINATECH
PARQUE INDUSTRIAL HERMOSILLO
PARQUE INDUSTRIAL HERMOSILLO NORTE
PARQUE INDUSTRIAL LANIX
PARQUE INDUSTRIAL LATITUDE
PARQUE INDUSTRIAL MONTE ALBAN
PARQUE INDUSTRIAL NORTE
PARQUE INDUSTRIAL PIMEX
PARQUE INDUSTRIAL SONORA
PARQUE MADERO
PARQUE MADERO NORTE
PARQUE VERSALLES
PARQUE VERSALLES RESID.
PASEO CASA BLANCA
PASEO DE LA COLINA
PASEO DE LA COLINA I
PASEO DE LA COLINA II
PASEO DE LAS MARGARITAS
PASEO DE LAS MISIONES
PASEO DE LAS PALMAS
PASEO DE LAS RIVIERAS
PASEO DE PALMAS
PASEO DEL CID
PASEO DEL CID RESIDENCIAL
PASEO DEL PALMAR
PASEO DEL PEDREGAL
PASEO DEL SOL
PASEO LAS LOMAS
PASEO REAL
PASEO REAL RESIDENCIAL
PASEO SAN ANGEL
PASEO SAN ANGEL II SECC LAS PLACITAS I
PASEO SAN ANGEL II SECC LAS PLACITAS II
PASEO SAN ANGEL II SECC LAS PLACITAS V
PASEO SAN ANGEL II SECC. CERRADA LAS PLACITAS
PASEO SAN ANGEL II SECC. LAS PLACITAS V / HERMOSILLO
PASEO SAN ANGEL II SECC. LOS ALAMOS
PASEO SAN ANGEL III SECC
"PASEO SAN ANGEL SECCION LAS PLACITAS  I,II,III, IV"
PASEO SAN NGEL SECC LAS PLACITAS
PASEO SAN NGEL SECC LOS ALAMOS
"PASEO SAN ÁNGEL SECCIÓN LAS PLACITAS II,III, IV, V"
PASEOS DE ROMANZA
PASEOS DEL PEDREGAL II
PASEOS DEL PEDREGAL SECC. DIAMANTE
PEDREGAL DE LA VILLA
PEMEX
PEREDAS
PERIFERICO SUR
PERIODISTA
PERISUR
PESQUEIRA
PEÑASCO RESIDENCIAL
PIE DE CASAS LAS MINITAS
PIEDRA BOLA (PEDREGAL DE LA VILLA
PILARES
PILARES PORTAL
PILFORITO
PIMA
PIMENTEL
PITIC
"PLACITAS , EN EL EJIDO LAS PLACITAS"
PLAN DE AYALA
PLAN DE AYALA (RANCHO)
PLATINO
PLAZA DE LAS FRANQUICIAS
PLAZA GRANDE
PLAZA REAL
PLAZA SENDERO
PLUTARCO ELIAS
PLUTARCO ELIAS CALLES
POPULAR
PORTAL DE LAGOS
PORTAL DE ROMANZA
PORTAL DEL PITIC
PORTON DEL ARCO
POTRERO DE BUSHARD
POZA RICA
POZO LOCO
PRADERAS
PRADERAS DEL REAL
PRADERAS DEL SOL
PRADERAS DEL VALLE
PRADOS DE BUGAMBILIAS
PRADOS DE BUGAMBILIAS II
PRADOS DEL CENTENARIO
PRADOS DEL SOL
PREDIO GUADALUPE
PRIMAVERA
PRIMAVERA\KINO VIEJO
PRIMERO HERMOSILLO
PRIV REAL DEL PARQUE
PRIV RESIDENCIAL MONACO
PRIV. CASA BLANCA
PRIV. SAN GERMAN
PRIVADA BURTON
PRIVADA CARDENO RESIDENCIAL
PRIVADA CASA BLANCA
PRIVADA CORDOVA
PRIVADA DEL MIRADOR I
PRIVADA DEL NOGAL
PRIVADA DEL ROSARIO
PRIVADA DOS LAS LOMAS
PRIVADA LOMA ALTA
PRIVADA LOS SAUCES
PRIVADA MIXCOAC
PRIVADA PALO VERDE
PRIVADA PARQUE ALAMEDA
PRIVADA QUINTA EMILIA
PRIVADA RESIDENCIAL DEL PEDREGAL
PRIVADA RESIDENCIAL LA CAÑADA
PRIVADA ROBLES
PRIVADA ROSALES
PRIVADA SACRAMENTO
PRIVADA SAHUARO
PRIVADA SAN GERMAN
PRIVADA SAN LORENZO
PRIVADA SANTA LUCIA
PRIVADA SANTA ROSA
PRIVADA SATURNINO CAMPOY
PRIVADA UNIVERSIDAD
PRIVADA VICTORIA
PRIVADAS DE BUGAMBILIAS
PRIVADAS DE SAN LORENZO
PRIVADAS DEL BOSQUE
PRIVADAS DEL MIRADOR
PRIVADAS DEL MIRADOR 2
PRIVADAS DEL REAL
PRIVADAS DEL REAL II
PRIVADAS DEL REAL SUR
PRIVADAS DEL REY
PRIVADAS DEL REY VII ETAPA
PRIVADAS DEL SAUCE
PRIVADAS RESIDENCIALES
PRIVADAS SANTA CLARA
PROGRESISTA
PROGRESO
PROGRESO (BAHIA DE KINO)
PROGRESO\BAHIA DE KINO
PROLONGACION LOS OLIVOS
PROVEEDORA DE INSUMOS MINEROS SA
PROYECTO COLONIA ALTARES
PROYECTO RIO SONORA
PROYECTO RIO SONORA HERMOSILLO XXI
PROYECTO VILLAS DEL COLORADO
PUBLITOS
PUEBLITOS
PUEBLITOS CDA. GUARIJIOS
PUEBLITOS CDA. KIKAPU
PUEBLITOS CDA. PAPAGOS
PUEBLITOS CERRADA GUARIJIOS
PUEBLITOS SECC GUARIJIOS
PUEBLITOS SECC KIKAPU
PUEBLITOS SECC KUKAPA
PUEBLITOS SECC LOS ALAMOS
PUEBLITOS SECC PAPAGOS
PUEBLITOS SECC PIMAS
PUEBLO ALEGRE
PUEBLO ALTO
PUEBLO BONITO
PUEBLO DE ALAMOS
PUEBLO DE ORO
PUEBLO DEL SOL
PUEBLO DEL SOL SECC ANDINA
PUEBLO DEL SOL SECC. ALBINA
PUEBLO DEL ÁNGEL
PUEBLO DORADO
PUEBLO ESCONDIDO
PUEBLO GRANDE
PUEBLO NUEVO
PUERAT DEL REY
PUERAT REAL
PUERTA DE HIERRO
PUERTA DEL REAL
PUERTA DEL REY
PUERTA DEL REY ALCALA
PUERTA DEL REY ETAPA II
PUERTA DEL REY ETAPA III
PUERTA DEL REY ETAPA IV
PUERTA DEL REY ETAPA V
PUERTA DEL REY ETAPA VI
PUERTA DEL REY SECC 3
PUERTA DEL REY SECC. ALTADENA
PUERTA DEL REY SECC. CALAFIA
PUERTA DEL REY SECC. CUEVA
PUERTA DEL REY SECC. CUEVAS
PUERTA DEL REY SECC. GALICIA
PUERTA DEL REY SECC: CASTILLA
PUERTA DEL REY SECCION ALCADENA
PUERTA DEL REY SECCION CASTILLO
PUERTA DEL REY SECCION CORDOVA
PUERTA DEL REY SEGUNDA ETAPA
PUERTA DEL REY VI
PUERTA DEL SOL
PUERTA ESMERALDA
PUERTA GRANDE
PUERTA GRANDE RESIDENCIAL
PUERTA REAL
PUERTA REAL 8A ETAPA
PUERTA REAL QUINTA ETAPA
PUERTA REAL RESIDENCIAL
PUERTA REAL RESIDENCIAL 8A ETAPA
"PUERTA REAL RESIDENCIAL II, III, IV, V, VI,VII"
PUERTA REAL RESIDENCIAL III
PUERTA REAL RESIDENCIAL IV
PUERTA REAL RESIDENCIAL IX
PUERTA REAL RESIDENCIAL SECC. CORDOVA
PUERTA REAL RESIDENCIAL V
PUERTA REAL RESIDENCIAL VII ETAPA
PUERTA REAL RESIDENCIAL VII SEGUNDA SECCION
PUERTA REAL RESIDENCIAL X
PUERTA REAL SECCION DIAMANTE
PUERTA REAL VI
PUERTA REAL VI 2DA SECCION
PUERTA REAL VI ETAPA
PUERTA REAL VIII
PUERTA REAL XVIII
PUESTA DEL SOL
PUNTA BELLA
PUNTA CHUECA
PUNTA DE LAGO RESIDENCIAL
PUNTA DEL LAGO
PV.ARAGON
QUINTA DE LOS MEZQUITES
QUINTA EMILIA
QUINTA ESMELRALDA
QUINTA ESMERALDA
QUINTA ESPERALDA
QUINTA LA PALOMAS
QUINTA REAL
QUINTAS DEL SOL  RESIDENCIAL
QUINTAS DEL SOL ETAPA 10
QUINTAS DEL SOL ETAPAS II V VII  X
QUINTAS DEL SOL RESIDENCIAL ETAPA VII
QUINTAS DEL SOL XI Y XII
QUINTAS DEL SUR
QUINTAS GALICIA
QUINTAS RESIDENCIAL
QUINTASA DEL SOL
QUNTA ESMERALDA
RACQUET CLUB II
RACQUET CLUB II SECC NORTE
RAMON CORRAL
RANCHERIA LA VICTORIA
RANCHERIA SAN BARTOLO
RANCHERIA SAN FRANCISCO (LOCALIDAD RURAL)
RANCHERIA SAN JOSE (SAN PEDRO EL SAUCITO
RANCHITO
RANCHO BONITO
RANCHO DIANA
RANCHO GRANDE
RANCHO GRANDE ALTARES
RANCHO LAS COCHERAS
RANCHO MI SUEÑO
RANCHO SAN IGNACIO
RANCHO SANTO NIÑO
RAQUET CLUB
RAQUET CLUB I SECCION SUR
REAL CARMEN
REAL DE 14
REAL DE CASTILLA
REAL DE MA MARQUEZA
REAL DE MINAS
REAL DE MONTEJO
REAL DE PITIC
REAL DE QUIROGA
REAL DE QUIROGA SECCION MADRIGAL
REAL DE SEVILLA
REAL DE SEVILLA II ETAPA
REAL DE TOLEDO
REAL DE TOLEDO RESIDENCIAL
REAL DEL ALAMITO
REAL DEL ALAMITO PRIMERA SECCION
REAL DEL ALAMITO SECCION 2
REAL DEL ALAMITO SECCION RIO BONITO
REAL DEL ALAMITO SECCION Z
REAL DEL ALAMITO [FRACCIONAMIENTO CAMPESTRE]
REAL DEL ARCO
REAL DEL CARDO
REAL DEL CARMEN
REAL DEL CARMEN II
REAL DEL CARMEN III
REAL DEL CARMEN IV
REAL DEL CARMEN RESID.
REAL DEL CARMEN RESIDENCIAL
REAL DEL CARMEN V SECCION
REAL DEL CENTENARIO
REAL DEL COBRE
REAL DEL LLANO
REAL DEL MOLINITO [CAMPESTRE]
REAL DEL SEBILLA
REAL DEL VALLE
RED 2000
REFORMA
REFORMA NORTE
RENACERES RESIDENCIAL
RENACIMIENTO
RESIDENCIAL ALAMOS
RESIDENCIAL ALONDRA
RESIDENCIAL ALTACALIFORNIA
RESIDENCIAL ARIZONA
RESIDENCIAL BRITANIA
RESIDENCIAL CAPISTRANO
RESIDENCIAL CONDOMINAL
RESIDENCIAL CORDOBA
RESIDENCIAL COUNTRY CLUB
RESIDENCIAL DE ALCALA
RESIDENCIAL DE ANZA
RESIDENCIAL DE LOS ALTOS
RESIDENCIAL DE TOLEDO
RESIDENCIAL DEL CID
RESIDENCIAL DEL MONTE
RESIDENCIAL EL ENCANTO
RESIDENCIAL ESMERALDA
RESIDENCIAL ESTANZA
RESIDENCIAL FIRENCE
RESIDENCIAL FLAMINGOS
RESIDENCIAL FRESNOS
RESIDENCIAL GALA
RESIDENCIAL HACIENDAS
RESIDENCIAL KINO
RESIDENCIAL LA CAÑADA
RESIDENCIAL LA CIMA
RESIDENCIAL LA HACIENDA
RESIDENCIAL LA RIOJA NORTE
RESIDENCIAL LA VENDIMIA
RESIDENCIAL LOS SANTOS
RESIDENCIAL MEDITERRANEO
RESIDENCIAL MESA VERDE
RESIDENCIAL NAVARRETE
RESIDENCIAL PEÑASCO
RESIDENCIAL PIMA
RESIDENCIAL RANCHO SAN IGNACIO
RESIDENCIAL REAL DE CASTILLA
RESIDENCIAL REAL DE TOLEDO
RESIDENCIAL RIO SECO
RESIDENCIAL SAN ANTONIO
RESIDENCIAL SANTA FE
RESIDENCIAL SANTERRA
RESIDENCIAL SEVILLA
RESIDENCIAL TERRAZAS DEL MIRADOR
RESIDENCIAL TOLEDO
RESIDENCIAL VALLE DEL LAGO
RESIDENCIAL VENTURA
RESIDENCIAL VERONA
RESIDENCIAL VILLA BONITA
RESIDENCIOAL CORSICA
RESIENCIAL VILLA CONCORDIA
RETORNO ARCO IRIS
RETORNO DE LA MISION
RETORNO EL DORADO PRIMERA SECC.
RETORNO JALAPA
RETORNO LA MISION
RETORNO LA REJA
REVOLUCION
REVOLUCION 1
REVOLUCION 2
REVOLUCIÓN I
REVOLUCIÓN II
RINCON AGRADABLE
RINCON DE GUADALUPE LAS AVISPAS
RINCON DE LAS FLORES
RINCON DEL MARQUEZ
RINCON DEL RAQUET RESIDENCIAL
RINCONADA DE LA CRUZ
RINCONADA DE NUEVO LEON
RINCÓN DE LA HERRADURA
RINCÓN DE PALMAS
RIO AZUL ESMERALDA [CAMPESTRE]
RIO AZUL SECCION TURQUESA
RIO BONITO
RIO DE LA PLATA RESIDENCIAL
RIO DE PLATA
RIO GRANDE
RIO SECO
RIO SONORA
RIOJA NORTE RESIDENCIAL
RIOJAS RESIDENCIAL
RIVELLO RESIDENCIAL
ROMANZA RESIDENCIAL
ROSALES
ROSARIO I. DE PIEDRA
ROSELLA
RURAL
SABINOS
SABINOSBRITANIA
SACRAMENTO
SACRAMENTO RESIDENCIAL
SAHUARIA INDECO
SAHUARIPA UNO
SAHUARO
SAHUARO 1
SAHUARO FINAL
SAHUARO INDECO
SALAMANCA RESIDENCIAL
SALAMANCA RESIDENCIAL SEGUNDA ETAPA
SALVADOR ALVARADO
SALVADOR ALVARADO (LOCALIDAD RURAL)
SALVADOR ALVARADO\MIGUEL ALEMAN (LA DOCE)
SALVATIERRA RESIDENCIAL
SAN AGUSTIN
SAN ALBERTO (POBLADO)
SAN ALFREDO
SAN ANDRÉS RESIDENCIAL
SAN ANGEL
SAN ANTONIO
SAN ANTONIO (UNIVERSIDAD SONORA)
SAN ARTURO
SAN BARTOLO
SAN BENITO
SAN BERNARDINO
SAN BERNARDINO ETAPA 1
SAN BERNARDINO ETAPA 2
SAN BERNARDINO ETAPA 3
SAN BERNARDINO ETAPA 4
SAN BOSCO
SAN CARLOS RESIDENCIAL
SAN DIEGO
SAN ENRIQUE (EL SUSPIRO)
SAN FELIPE
SAN FERMIN
SAN FERNANDO (PRESA ABELARDO LUJAN)
SAN FRANCISCO
SAN FRANCISCO (EL SAHUARAL)
SAN FRANCISCO (RANCHO)
SAN FRANCISCO DE BATUC
SAN FRANCISCO RESIDENCIAL
SAN FRANCISCO VALLE RESIDENCIAL
SAN GERMAN
SAN GERONIMO
SAN GUSTAVO
SAN HERMINIO (LOS ANGELES)
SAN IGNACIO
SAN ISIDRO
SAN ISIDRO DOS
SAN ISIDRO/ EL TRIUNFITO
SAN JAVIER
SAN JAVIER (LOCALIDAD RURAL)
SAN JERONIMO
SAN JOAQUIN (SANTA MARIA)
SAN JORGE (HERCULES)
SAN JOSE (RANCHO)
SAN JOSE DE GRACIA
SAN JOSE DE LAS MINITAS
SAN JOSE DE MORADILLAS
SAN JUAN
SAN JUAN BOSCO
SAN JUAN DE LOS PINOS
SAN JUANICO
SAN JUDAS TADEO
SAN LEONARDO
SAN LORENZO
SAN LUIS
SAN LUIS (RANCHO)
SAN LUIS (SANTA TERESA)
SAN LUIS NORTE
SAN LUIS REY
SAN MARCOS
SAN MARCOS (LOCALIDAD RURAL)
SAN MARCOS II
SAN MARCOS RESIDENCIAL
SAN MARTIN (RANCHERIA)
SAN NICOLAS
SAN NICOLAS (SAN NICOLAS DE KINO)
SAN PABLO
SAN PEDRITO
SAN PEDRO
SAN PEDRO EL SAUCITO
SAN PEDRO SAUCITO (HERMOSILLO)
SAN RAFAEL
SAN RAFAEL [CAMPESTRE]
SAN RAMON (LOCALIDAD RURAL)
SAN RAMON (RANCHO)
SAN SEBASTIAN (RANCHO)
SAN SEBASTIÁN
SANMARCOS
SANTA ANITA
SANTA ANITA RESIDENCIAL
SANTA AURELIA
SANTA BARBARA
SANTA CARMEN
SANTA CECILIA
SANTA CECILIA (LA ESCONDIDA)
SANTA CECILIA (LICONA)
SANTA CLARA
SANTA CRUZ
SANTA CRUZ (PRIVADA)
SANTA EDUWIGES (RANCHO)
SANTA ELENA (RANCHO)
SANTA ENGRACIA PRIVADA RESIDENCIAL
SANTA FE
SANTA INES
SANTA INES DOS (POZO NUEVO)
SANTA INÉS UNO (EL CAPITÁN)
SANTA ISABEL
SANTA LUCIA
SANTA LUCIA III ETAPA
SANTA LUCIA RESIDENCIAL
SANTA LUCINA [CAMPESTRE]
SANTA MARGARITA (LOCALIDAD RURAL)
SANTA MARIA
SANTA MARTHA
SANTA MARTHA (FRACCIONAMIENTO)
SANTA MARTHA UNO (EL MOLINO)
SANTA MONICA
SANTA MONICA (RANCHERIA)
SANTA PAULINA [AGRICOLA]
SANTA REGINA
SANTA RITA (RANCHO)
SANTA ROSA
SANTA ROSALIA
SANTA ROSARIO
SANTA TERESA LA CONCORDIA (EL COPECHI)
SANTA TERESITA
SANTA VALERIA [ARENA DE RODEO ]
SANTE FE
SANTERRA RESIDENCIAL
SANTO NIÑO
SARATOGA
SARATOGA RESIDENCIAL
SECC ALAMOS
SECCION CORDOVA RESIDENCIAL
SECCION LAS PLACITAS
SECCION LOS ALAMOS
SECCION PLACITAS
SECCION SANTA MONICA
SECTOR A\MIGUEL ALEMAN (LA DOCE)
SECTOR B\MIGUEL ALEMAN (LA DOCE)
SECTOR CTEL FFCC
SECTOR C\MIGUEL ALEMAN (LA DOCE)
SECTOR D\MIGUEL ALEMAN (LA DOCE)
SEDONA RESIDENCIAL
SEMINARIO
SEMINARIO RDCIAL
SIENA RESIDENCIAL
SIENNA RESIDENCIAL
SIERRA ALTA
SIERRA BLANCA
SIERRA BONITA
SIERRA CLARA
SIERRA VISTA
SIETE CERROS
SIETE CERROS (CERO NORTE)
SIN CLASIFICAR
SIN COLONIA
SIN NOMBRE
SOILIDARIDAD
SOL AGUILAR
SOL AGUILAR (EL TRIUNFO)
SOLARE
SOLEI ETAPA IV Y V
SOLEIL RESIDENCIAL
SOLEIL RESIDENCIAL ETAPA 3
SOLEIL RESIDENCIAL ETAPA 4
SOLIDARIDAD
SOLIDARIDAD IV ETAPA
SOLIDARIDAD V
SOLIDARIDAD V-FRANCISCO ROMERO
SOLIDARIDAD-VILDOSOLA (ZONA SUR)
SONACER
SONOMEX
SONORA HORTALIZAS Y FRUTALES
STANZA
STANZA CASTELLO
STANZA FLORENZA RESIDENCIAL
STANZA RESIDENCIAL
STANZA SOLARE
STAUS
SUBASTA
TABACHINES
TASTIOTA
TEC MILENIO
TELEFONISTA
TEPITO
TERRABLANCA
TERRANOVA
TERRAZAS DEL MIRADOR
TERRENO TELEFONISTAS
TERRENOS CAMPESTRES NUEVO AMANECER
TIERRA BLANCA
TIERRA BONITA
TIERRA BONITA [CAMPESTRE]
TIERRA COLORADA
TIERRA NUEVA
TIERRA NUEVA QUINTA ETAPA
TIRO AL BLANCO
TIROCAPES
TOPACIO RESIDENCIAL
TOPAHUE
TORRALBA
TORRALBA RESIDENCIAL
TORRE DE PIEDRA
TORRE DE PLATA
TORRE PLATA
TORREON
TORREPLATA
TOSALI
TRES REYES
TRES REYNAS INVASION
TRINIDAD SANCHEZ LEYVA
TRONCONAL
TUBAC
TULIPANES RESIDENCIAL
TUMACACORI
TURIN
UNA COLONIA AL SUR DE VISTA REAL
UNIDAD HABITACIONAL ZONA MILITAR
UNION DE LADRILLEROS
UNION DE LADRILLEROS II
UNION DE PRODUCTORES DE LADRILLO CERRO COLORADO PO
UNION DE PRODUCTORES DE LADRILLO CERRO COLORADO PONIENTE A.C
UNIVERSIDAD
UNIVERSIDAD DE SONORA
UNIÓN DE COLONOS
URBI ALAMEDA ENCINOS I
URBI ALAMEDA ENCINOS II
URBI ALAMEDA LOS ENCINOS
URBI ALAMEDA LOS ENCINOS II
URBI ALAMEDA LOS ENCINOS RESIDENCIAL I
URBI ALAMEDA LOS ENCINOS RESIDENCIAL II
URBI ALAMEDA LOS FRESNOS
URBI ALAMEDA LOS FRESNOS RDCIAL
URBI ALAMEDA SECCION LOS FRESNO
URBI DE ALAMEDA LOS FRENOS
URBI VILLA
URBI VILLA ALAMEDA FRESNOS
URBI VILLA CAMPESTRE
URBI VILLA DE LOS FRESNOS
URBI VILLA DEL CEDRO
URBI VILLA DEL CEDRO SECCION 2
URBI VILLA DEL REY
URBI VILLA DEL REY II
URBI VILLA DEL REY III SECCION ENCINOS 1
URBI VILLA DEL REY III SECCION LOS ENCINOS ETAPA I
URBI VILLA FRESNOS RESIDENCIAL
URBI VILLA SECCION FRESNOS
URBIVILLA DEL PRADO
VADO DEL RIO
VALLADOLID
VALLE BONITO
VALLE DE AGUALURCA
VALLE DE ARANDAS
VALLE DE ARANDAS RESIDENCIAL
VALLE DE JEREZ
VALLE DE LOS ALMENDROS
VALLE DE MARQUEZ
VALLE DE SANTA MONICA
VALLE DEL CONEJO
VALLE DEL LAGO
VALLE DEL PORTAL
VALLE DEL QUIROGA
VALLE DEL SOL
VALLE DORADO
VALLE ESCONDIDO
VALLE GRANDE
VALLE HERMOSO
VALLE SANTA MÓNICA
VALLE VERDE
VALLE VERDE (LOCALIDAD RURAL)
VALLES DEL LAGO
VALLES DEL LAGO SECC ATARDECER
VALLES DEL LAGO SECC. AMANECERES
VELAS
VENDIMIAS
VENTURA CLUB RESIDENCIAL
VENTURA CLUB RESIDENCIAL SEGUNDA ETAPA
VERBENA
VEREDAS
VERONA
VERONA RESIDENCIAL
VERONICA ANZURES
VERSALLES
VERSALLES RESIDENCIAL
VICENTE GUERRERO
VICTORIA
VILLA BONITA
VILLA CALIFORNIA
VILLA CALIFORNIA SECC. CORDOVA
VILLA COLONIAL
VILLA COLONIAL ETAPA III
VILLA CORSO
VILLA CORTEZ
VILLA DE ALCALA
VILLA DE ARANDAS
VILLA DE CEDROS
VILLA DE CORCELES
VILLA DE LOS CORCELES
VILLA DE LOS CORCELES SECC. ARDENES
VILLA DE LOS CORCELES SECC. BRAVANTE
VILLA DE LOS SAUCES
VILLA DE PARRAS
VILLA DE SAN LORENZO
VILLA DE SANTA MONICA
VILLA DE SERIS
VILLA DE SERIS NORTE
VILLA DE SERIS SUR
VILLA DEL COLORADO
VILLA DEL LAGO
VILLA DEL PITIC
VILLA DEL PRADO
VILLA DEL REAL
VILLA DEL REY
VILLA DEL REY SECCION CASTAÑOS
VILLA DEL SERI
VILLA DEL SOL
VILLA DORADA
VILLA ESMERALDA
VILLA FLORENCIA
VILLA FONTANA
VILLA FRESNOS
VILLA GUADALUPE
VILLA GUADALUPE DOS
VILLA HERMOSA
VILLA HIDALGO
VILLA LOURDES
VILLA LUZ (EL POCITO)
VILLA MANANTIAL [CAMPESTRE]
VILLA MERCEDES
VILLA MERLOT RESIDENCIAL
VILLA REAL
VILLA RESIDENCIAL BONITA ETAPA I AL XII
VILLA RESIDENCIAL BONITA IX X XI Y XII
VILLA RESIDENCIAL MILAN
VILLA RESIDENCIAL VILLA BONITA
VILLA ROMANZA RESIDENCIAL
VILLA SAN LORENZO
VILLA SATÉLITE
VILLA SAUCES
VILLA SAUCES RESIDENCIAL
VILLA SOL
VILLA SONORA
VILLA SURENA
VILLA TOLEDO
VILLA TOSCANA
VILLA TOSCANA RESIDENCIAL
VILLA VENTURA
VILLA VERDE
VILLA VERDE 4 ETAPA
VILLA VERDE 5TA ETAPA
VILLA VERDE IV ETAPA
VILLAS DE COLORADA
VILLAS DE CORTES
VILLAS DE ROMANZA
VILLAS DE TURIN
VILLAS DEL CENTENARIO
VILLAS DEL CERRO COLORADO
VILLAS DEL CORTEZ
VILLAS DEL CORTIJO
VILLAS DEL MEDITERRANEO
VILLAS DEL MEDITERRANEO II
VILLAS DEL MEDITERRANEO III
"VILLAS DEL MEDITERRÁNEO ETAPA II, III"
VILLAS DEL NOGAL
VILLAS DEL PALMAR
VILLAS DEL REAL
VILLAS DEL SUR
VILLAS DEL SUR CERRADA VILLLA GUADALUPE
VILLAS MONTECARLO
VILLAS RESIDENCIAL
VILLASUREÑA
VIRREYES
VISTA BELLA
VISTA DEL LAGO
VISTA DEL SOL
VISTA DEL SOL RESIDENCIAL
VISTA HERMOSA
VISTA REAL
VISTAS
VIVA SONORA
VIÑAS DE LA COSTA (EL CHAMIZAL)
VIÑEDO LA COSTA
VIÑEDO LA ESPERANZA
VIÑEDOS
Y GRIEGA
YANITO
ZACATON
ZAMORA
ZAMORA (RANCHO)
ZASAFRAS RESIDENCIAL
ZONA INDUSTRIAL
ZONA INDUSTRIAL (PRESA ABELARDO LUJAN)
ZONA MILITAR CUARTEL XV
