COLONIA_ORIGINAL,COLONIA_NORMALIZADA
4 DE MARZO,4 DE MARZO
ACACIAS RESIDENCIAL,ACACIAS RESIDENCIAL
ADOLFO DE LA HUERTA,ADOLFO DE LA HUERTA
ADOLFO LOPEZ MATEOS,ADOLFO LOPEZ MATEOS
ADOLFO LOPEZ MATEOS ETAPA I,ADOLFO LOPEZ MATEOS ETAPA I
AGAVES RESIDENCIAL,AGAVES RESIDENCIAL
AKIWIKI,AKIWIKI
ALAMEDA,ALAMEDA
ALEGRANZA RESIDENCIAL,ALEGRANZA RESIDENCIAL
ALFONSO PERALTA,ALFONSO PERALTA
ALONDRAS RESIDENCIAL,ALONDRAS RESIDENCIAL
ALTA CALIFORNIA RESIDENCIAL,ALTA CALIFORNIA RESIDENCIAL
ALTA FIRENZE NORTE RESIDENCIAL,ALTA FIRENZE NORTE RESIDENCIAL
ALTA MONACO,ALTA MONACO
ALTA VISTA,ALTA VISTA
ALTAFIRENZE RESIDENCIAL,ALTAFIRENZE RESIDENCIAL
ALTAMIRA,ALTAMIRA
ALTARES,ALTARES
ALTARIA RESIDENCIAL,ALTARIA RESIDENCIAL
ALTO VALLE,ALTO VALLE
ALTOS DE ARAGON,ALTOS DE ARAGON
ALVARO OBREGON,ALVARO OBREGON
AMAPOLAS,AMAPOLAS
AMPLIACIN 4 DE MARZO,AMPLIACIN 4 DE MARZO
AMPLIACION ALCATRACES,AMPLIACION ALCATRACES
AMPLIACION LOS OLIVOS,AMPLIACION LOS OLIVOS
ANDALUCIA,ANDALUCIA
ANGEL FLORES,ANGEL FLORES
ANTARA RESIDENCIAL,ANTARA RESIDENCIAL
APOLO,APOLO
ARANDANOS RESIDENCIAL,ARANDANOS RESIDENCIAL
ARANDANOS SECCION VILLA HERMOSA,ARANDANOS SECCION VILLA HERMOSA
ARANJUEZ RESIDENCIAL,ARANJUEZ RESIDENCIAL
ARBOLEDAS,ARBOLEDAS
ARCO IRIS,ARCO IRIS
ARGANGEL RESIDENCIAL,ARGANGEL RESIDENCIAL
ASTURIAS RESIDENCIAL,ASTURIAS RESIDENCIAL
ATARDECERES,ATARDECERES
AUREA RESIDENCIAL,AUREA RESIDENCIAL
AZORES RESIDENCIAL,AZORES RESIDENCIAL
BACHOCO,BACHOCO
BADALONA,BADALONA
BALDERRAMA,BALDERRAMA
BANUS,BANUS
BARCELONA RESIDENCIAL,BARCELONA RESIDENCIAL
BELLA VISTA,BELLA VISTA
BENEI,BENEI
BENITO JUAREZ,BENITO JUAREZ
BICENTENARIO,CENTENARIO
BILBAO,BILBAO
BONANZA,BONANZA
BONATERRA,BONATERRA
BOSCO,BOSCO
BUENA VISTA,BUENA VISTA
BUENA VISTA SECC BONITA,BUENA VISTA SECC BONITA
BUENA VISTA SECCION AMANECER,BUENA VISTA SECCION AMANECER
BUENOS AIRES,BUENOS AIRES
BUGAMBILIAS,BUGAMBILIAS
BUROCRATA MUNICIPAL,BUROCRATA MUNICIPAL
CALIFORNIA ETAPA V,CALIFORNIA ETAPA V
CALIFORNIA PRIVADA MONTEBELLO,CALIFORNIA PRIVADA MONTEBELLO
CALIFORNIA PRIVADA SANTA MONICA,CALIFORNIA PRIVADA SANTA MONICA
CALISTOGA,CALISTOGA
CAMINO REAL,CAMINO REAL
CAMINO REAL DEL NORTE,CAMINO REAL DEL NORTE
CAMPANARIO,CAMPANARIO
CAMPO GRANDE,CAMPO GRANDE
CANTERAS RESIDENCIAL,CANTERAS RESIDENCIAL
CAPERUZO,CAPERUZO
CARDENO ETAPA CELESTE II,CARDENO ETAPA CELESTE II
CARDENO RESIDENCIAL,CARDENO RESIDENCIAL
CARMEN SERDAN,CARMEN SERDAN
CASA ALTA RDCIAL,CASA ALTA RDCIAL
CASA BLANCA,CASA BLANCA
CASA BONITA RESIDENCIAL,CASA BONITA RESIDENCIAL
CASA GRANDE,CASA GRANDE
CASA LINDA,CASA LINDA
CASERIO SAHUARO,CASERIO SAHUARO
CASERIO SOLAR,CASERIO SOLAR
CASTELINA,CASTELINA
CATALINAS RESIDENCIAL,CATALINAS RESIDENCIAL
CATAVIÑA RESIDENCIAL,CATAVIÑA RESIDENCIAL
CAÑADA DE LOS NEGROS,CAÑADA DE LOS NEGROS
CENTENARIO,CENTENARIO
CENTENARIO LUX,CENTENARIO LUX
CENTRO,CENTRO
CERRADA CORONADO,CERRADA CORONADO
CERRADA CORONADO II,CERRADA CORONADO
CERRADA CUCURPE,CERRADA CUCURPE
CERRADA DE CORTES,CERRADA DE CORTES
CERRADA DE LA CAPILLA,CERRADA DE LA CAPILLA
CERRADA DE MINAS,CERRADA DE MINAS
CERRADA DEL ANGEL,CERRADA DEL ANGEL
CERRADA SAN IGNACIO,CERRADA SAN IGNACIO
CERRADA SAN RAFAEL,CERRADA SAN RAFAEL
CERRADA SUAQUI GRANDE,CERRADA SUAQUI GRANDE
CERRADA VISTA AZUL,CERRADA VISTA AZUL
CERRO 01,CERRO 01
CERRO 04,CERRO 04
CERRO DE LA CAMPANA,CERRO DE LA CAMPANA
CHOYAL,CHOYAL
CHULA VISTA,CHULA VISTA
CINCO DE MAYO,CINCO DE MAYO
CLUB DE GOLF LOS LAGOS,CLUB DE GOLF LOS LAGOS
CNOP,CNOP
COLINA BLANCA,COLINA BLANCA
COLINAS DE SAN JAVIER,COLINAS DE SAN JAVIER
COLINAS DEL SOL,COLINAS DEL SOL
COLINAS RESIDENCIAL,COLINAS RESIDENCIAL
COLOSO ALTO,COLOSO ALTO
COLOSO BAJO,COLOSO BAJO
COMBATE,COMBATE
COMPOSTELA RESIDENCIAL,COMPOSTELA RESIDENCIAL
CONCORDIA RESIDNCIAL,CONCORDIA RESIDNCIAL
CONDESA,CONDESA
CONDOMINIOS INN,CONDOMINIOS INN
CONJUNTO ALBORADA,CONJUNTO ALBORADA
CONQUISTADORES,CONQUISTADORES
CONSTITUCION,CONSTITUCION
CORCELES,CORCELES
CORCELES SECC ALTER REAL,CORCELES SECC ALTER REAL
CORCELES SECC ARDENES,CORCELES SECC ARDENES
CORDOBA RDCIAL,CORDOBA RDCIAL
CORONADO RESIDENCIAL,CORONADO RESIDENCIAL
CORSICA,CORSICA
CORTIJO SECCION PERIODISTAS,CORTIJO SECCION PERIODISTAS
CORTIJO SECCION PIONEROS,CORTIJO SECCION PIONEROS
CORTIJO UNISON,CORTIJO UNISON
COSTA DEL SOL,COSTA DEL SOL
COUNTRY CLUB,COUNTRY CLUB
CUARTEL PITIC,CUARTEL PITIC
CUATRO OLIVOS,CUATRO OLIVOS
CUAUHTEMOC,CUAUHTEMOC
CUMBRES RESIDENCIAL,CUMBRES RESIDENCIAL
DALI,DALI
DEL BOSQUE,DEL BOSQUE
DEL PEDREGAL PRIVADAS RESIDENCIALES,DEL PEDREGAL PRIVADAS RESIDENCIALES
DEL RAZO,DEL RAZO
DIAMANTE,DIAMANTE
DILIGENCIAS,DILIGENCIAS
DUNAS,DUNAS
EL 33,EL 33
EL ALAMO RESIDENCIAL,EL ALAMO RESIDENCIAL
EL APACHE,EL APACHE
EL CONQUISTADOR,EL CONQUISTADOR
EL DORADO,EL DORADO
EL ENCANTO,EL ENCANTO
EL JITO,EL JITO
EL LLANITO,EL LLANITO
EL LLANO,EL LLANO
EL MALECON,EL MALECON
EL MARIACHI,EL MARIACHI
EL MIRADOR,EL MIRADOR
EL RANCHITO,EL RANCHITO
EL RECODO,EL RECODO
EL SAHUARO,EL SAHUARO
EL SECRETO,EL SECRETO
EL TORREON,EL TORREON
EMILIANO ZAPATA,EMILIANO ZAPATA
ESPLENDOR,ESPLENDOR
EUSEBIO KINO,EUSEBIO KINO
FERROCARRILERA,FERROCARRILERA
FIRENZE RESIDENCIAL,FIRENZE RESIDENCIAL
FLORESTA SECCION CIPRES,FLORESTA SECCION CIPRES
FLORESTA SECCION VILLA ALMENDRAS,FLORESTA SECCION VILLA ALMENDRAS
FONAPO,FONAPO
FOVISSSTE,FOVISSSTE
FRACCIONAMIENTO CASA REAL,FRACCIONAMIENTO CASA REAL
FRACCIONAMIENTO OASIS SANTA FE,FRACCIONAMIENTO OASIS SANTA FE
FRACCIONAMIENTO OASIS SOLERA,FRACCIONAMIENTO OASIS SOLERA
FRANCISCO EUSEBIO KINO,FRANCISCO EUSEBIO KINO
FRANCISCO ROMERO,FRANCISCO ROMERO
FRANCISCO VILLA,FRANCISCO VILLA
FUENTE DE PIEDRA,FUENTE DE PIEDRA
FUENTES DEL CENTENARIO,FUENTES DEL CENTENARIO
FUENTES DEL MEZQUITAL,FUENTES DEL MEZQUITAL
GALA 2,GALA 2
GALA III,GALA III
GENOVA RESIDENCIAL,GENOVA RESIDENCIAL
GRANJA GUADALUPE,GRANJA GUADALUPE
GUAYACAN,GUAYACAN
HACIENDA DE LA FLOR,HACIENDA DE LA FLOR
HACIENDA DEL SOL,HACIENDA DEL SOL
HACIENDA LOS ALCATRACES,HACIENDA LOS ALCATRACES
HACIENDA RESIDENCIAL,HACIENDA RESIDENCIAL
HACIENDAS DEL SUR,HACIENDAS DEL SUR
HEBERTO CASTILLO,HEBERTO CASTILLO
HERMOSA PROVINCIA,HERMOSA PROVINCIA
HIPICO,HIPICO
IBIZA,IBIZA
INALAMBRICA,INALAMBRICA
INDECO CENTENARIO,INDECO CENTENARIO
INSURGENTES,INSURGENTES
INTERNACIONAL,INTERNACIONAL
INVASION GIRASOLES,INVASION GIRASOLES
IRRIGACION,IRRIGACION
ISSSTE,ISSSTE
ISSSTESON CENTENARIO,ISSSTESON CENTENARIO
JACARANDAS,JACARANDAS
JACINTO LOPEZ,JACINTO LOPEZ
JARDIN REAL,JARDIN REAL
JARDINES,JARDINES
JARDINES DE MONACO,JARDINES DE MONACO
JEREZ DEL VALLE,JEREZ DEL VALLE
JESUS GARCIA,JESUS GARCIA
JESUS VEGA,JESUS VEGA
JORGE VALDEZ MUÑOZ,JORGE VALDEZ MUÑOZ
LA ANTORCHA,LA ANTORCHA
LA CAMPIÑA,LA CAMPIÑA
LA CANDELARIA RESIDENCIAL,LA CANDELARIA RESIDENCIAL
LA CARIDAD,LA CARIDAD
LA CAÑADA PRIVADA RESIDENCIAL,LA CAÑADA PRIVADA RESIDENCIAL
LA CEMENTERA,LA CEMENTERA
LA CHOLLA,LA CHOLLA
LA CIMA II,LA CIMA II
LA CORUÑA SECCION  PRIVADA ALMAR,LA CORUÑA SECCION  PRIVADA ALMAR
LA CORUÑA SECCION PRIVADA ORZAN,LA CORUÑA SECCION PRIVADA ORZAN
LA CORUÑA SECCION PRIVADA RIAZOR,LA CORUÑA SECCION PRIVADA RIAZOR
LA COSECHA NORTE,LA COSECHA NORTE
LA ENCANTADA,LA ENCANTADA
LA FLORESTA,LA FLORESTA
LA FLORESTA SECC CEIBA,LA FLORESTA SECC CEIBA
LA FLORESTA SECC CIRUELOS,LA FLORESTA SECC CIRUELOS
LA FLORESTA SECC VILLA FRESNOS,LA FLORESTA SECC VILLA FRESNOS
LA HUERTA,LA HUERTA
LA JOLLA,LA JOLLA
LA JOLLA SECCION VILLA DE LOS DIAMANTES,LA JOLLA SECCION VILLA DE LOS DIAMANTES
LA JOLLA SECCION VILLA TURQUESA,LA JOLLA SECCION VILLA TURQUESA
LA LENGUETA,LA LENGUETA
LA MANGA,LA MANGA
LA MATANZA,LA MATANZA
LA METALERA,LA METALERA
LA MOSCA,LA MOSCA
LA PALOMA,LA PALOMA
LA RIOJA,LA RIOJA
LA VERBENA,LA VERBENA
LA VICTORIA (NUEVACREACION),LA VICTORIA (NUEVACREACION)
LADRILLERAS,LADRILLERAS
LAS ALAMEDAS,LAS ALAMEDAS
LAS AVES,LAS AVES
LAS CARRETAS,LAS CARRETAS
LAS FLORES,LAS FLORES
LAS GRANJAS,LAS GRANJAS
LAS ISABELES,LAS ISABELES
LAS LADRILLERAS,LAS LADRILLERAS
LAS LOMAS,LAS LOMAS
LAS LOMAS DEL SOL,LAS LOMAS DEL SOL
LAS LOMAS SECC ALMENDROS,LAS LOMAS SECC ALMENDROS
LAS LOMAS SECC CASTAÑOS,LAS LOMAS SECC CASTAÑOS
LAS LOMAS SECC LOS MANZANOS,LAS LOMAS SECC LOS MANZANOS
LAS LOMAS SECCION BONITA,LAS LOMAS SECCION BONITA
LAS LOMAS SECCION PARAISO,LAS LOMAS SECCION PARAISO
LAS MINITAS,LAS MINITAS
LAS PALMAS,LAS PALMAS
LAS PEREDAS (GABY PEREDA I),LAS PEREDAS (GABY PEREDA I)
LAS PILAS,LAS PILAS
LAS PLACITAS,LAS PLACITAS
LAS PLAZAS,LAS PLAZAS
LAS PRADERAS,LAS PRADERAS
LAS PROVINCIAS,LAS PROVINCIAS
LAS QUINTAS,LAS QUINTAS
LAS TORRES,LAS TORRES
LAS TRES REYNAS,LAS TRES REYNAS
LAS VILLAS,LAS VILLAS
LAURA ALICIA FRIAS DE LOPEZ NOGALES,LAURA ALICIA FRIAS DE LOPEZ NOGALES
LEY 57,LEY 57
LIBERTAD,LIBERTAD
LIRIOS,LIRIOS
LLANO VERDE,LLANO VERDE
LOMA BLANCA,LOMA BLANCA
LOMA LINDA,LOMA LINDA
LOMAS DE CORTEZ,LOMAS DE CORTEZ
LOMAS DE LINDA VISTA,LOMAS DE LINDA VISTA
LOMAS DE MADRID,LOMAS DE MADRID
LOMAS DE REFORMA,LOMAS DE REFORMA
LOMAS DEL BARROCAN RESIDENCIAL,LOMAS DEL BARROCAN RESIDENCIAL
LOMAS DEL MARQUEZ,LOMAS DEL MARQUEZ
LOMAS DEL MIRADOR,LOMAS DEL MIRADOR
LOMAS DEL NORTE,LOMAS DEL NORTE
LOMAS DEL PARAISO,LOMAS DEL PARAISO
LOMAS DEL PITIC,LOMAS DEL PITIC
LOMAS DEL SUR,LOMAS DEL SUR
LOMAS PITIC,LOMAS PITIC
LOMAS PLUS,LOMAS PLUS
LOPEZ PORTILLO,LOPEZ PORTILLO
LORENZO RESIDENCIAL,LORENZO RESIDENCIAL
LORETO RESIDENCIAL,LORETO RESIDENCIAL
LOS ALAMOS,LOS ALAMOS
LOS ALTOS RESIDENCIAL,LOS ALTOS RESIDENCIAL
LOS ANGELES,LOS ANGELES
LOS ARCOS,LOS ARCOS
LOS ARROYOS,LOS ARROYOS
LOS GIRASOLES,LOS GIRASOLES
LOS MANANTIALES,LOS MANANTIALES
LOS MIRASOLES,LOS MIRASOLES
LOS MISIONEROS,LOS MISIONEROS
LOS NARANJOS,LOS NARANJOS
LOS OLIVOS,LOS OLIVOS
LOS PINOS RDCIAL,LOS PINOS RDCIAL
LOS POETAS,LOS POETAS
LOS PORTALES,LOS PORTALES
LOS ROSALES,LOS ROSALES
LOS SABINOS,LOS SABINOS
LOS SANTOS,LOS SANTOS
LOS SAUCES,LOS SAUCES
LOTE BALDIO 37,LOTE BALDIO 37
LUIS DONALDO COLOSIO,LUIS DONALDO COLOSIO
LUIS ENCINAS,LUIS ENCINAS
MACHI LOPEZ,MACHI LOPEZ
MAGISTERIAL,MAGISTERIAL
MALLORCA RESIDENCIAL,MALLORCA RESIDENCIAL
MANLIO FABIO BELTRONES,MANLIO FABIO BELTRONES
MANUEL GOMEZ MORIN,MANUEL GOMEZ MORIN
MARSELLA RESIDENCIAL,MARSELLA RESIDENCIAL
MARTIN VALENCIA,MARTIN VALENCIA
MARTIRES DE CANANEA,MARTIRES DE CANANEA
MERLOT,MERLOT
MESAVERDE,MESAVERDE
MIGUEL HIDALGO,MIGUEL HIDALGO
MILAN,MILAN
MISION DE ANDALUCIA,MISION DE ANDALUCIA
MISION DEL ARCO,MISION DEL ARCO
MISION DEL REAL,MISION DEL REAL
MISION DEL SOL,MISION DEL SOL
MISION SAN CRISTOBAL,MISION SAN CRISTOBAL
MISSION,MISSION
MIXCOAC,MIXCOAC
MODELO,MODELO
MONARCA,MONARCA
MONETT RESIDENCIAL,MONETT RESIDENCIAL
MONTALBAN RESIDENCIAL,MONTALBAN RESIDENCIAL
MONTE DE CALABRIA RESIDENCIAL,MONTE DE CALABRIA RESIDENCIAL
MONTEBELLO RESIDENCIAL,MONTEBELLO RESIDENCIAL
MONTECARLO,MONTECARLO
MONTEREAL,MONTEREAL
MONTEROSA RESIDENCIAL,MONTEROSA RESIDENCIAL
MONTESINOS,MONTESINOS
MORELOS,MORELOS
MURANO RESIDENCIAL,MURANO RESIDENCIAL
NACAMERI,NACAMERI
NATURA,NATURA
NORBERTO ORTEGA,NORBERTO ORTEGA
NUEVA CASTILLA,NUEVA CASTILLA
NUEVA ESPAÑA,NUEVA ESPAÑA
NUEVA ESPERANZA,NUEVA ESPERANZA
NUEVA GALICIA,NUEVA GALICIA
NUEVA ILUSION,NUEVA ILUSION
NUEVA PALMIRA,NUEVA PALMIRA
NUEVA VICTORIA,NUEVA VICTORIA
NUEVO HERMOSILLO,NUEVO HERMOSILLO
NUEVO HORIZONTE,NUEVO HORIZONTE
NUEVO SAHUARO,NUEVO SAHUARO
OASIS DEL SOL,OASIS DEL SOL
OASIS LANTANA,OASIS LANTANA
OASIS PALMEIRA,OASIS PALMEIRA
OASIS SOLANA,OASIS SOLANA
OBISPOS,OBISPOS
OLIVARES,OLIVARES
OPATAS,OPATAS
PALERMO RESIDENCIAL,PALERMO RESIDENCIAL
PALMA DORADA,PALMA DORADA
PALMAR DEL SOL,PALMAR DEL SOL
PALO FIERRO,PALO FIERRO
PALO VERDE,PALO VERDE
PALO VERDE INDEUR,PALO VERDE INDEUR
PANTEON,PANTEON
PARADA CANO,PARADA CANO
PARQUE CENTRAL,PARQUE CENTRAL
PARQUE INDUSTRIAL,PARQUE INDUSTRIAL
PARQUE INDUSTRIAL DINATECH,PARQUE INDUSTRIAL DINATECH
PASEO CASA BLANCA,PASEO CASA BLANCA
PASEO DE LA COLINA,PASEO DE LA COLINA
PASEO DE LAS MARGARITAS,PASEO DE LAS MARGARITAS
PASEO DE LAS MISIONES,PASEO DE LAS MISIONES
PASEO DE PALMAS,PASEO DE PALMAS
PASEO DEL CID RESIDENCIAL,PASEO DEL CID RESIDENCIAL
PASEO DEL SOL,PASEO DEL SOL
PASEO REAL RESIDENCIAL,PASEO REAL RESIDENCIAL
PASEO SAN ANGEL,PASEO SAN ANGEL
PASEO SAN NGEL SECC LAS PLACITAS,PASEO SAN NGEL SECC LAS PLACITAS
PASEO SAN NGEL SECC LOS ALAMOS,PASEO SAN NGEL SECC LOS ALAMOS
PASEOS DEL PEDREGAL,PASEOS DEL PEDREGAL
PASEOS DEL PEDREGAL CERRADA DIAMANTE,PASEOS DEL PEDREGAL CERRADA DIAMANTE
PASEOS DEL PEDREGAL CERRADA PLATINO,PASEOS DEL PEDREGAL CERRADA PLATINO
PASEOS DEL PEDREGAL SECCION II,PASEOS DEL PEDREGAL SECCION II
PEDREGAL DE LA VILLA,PEDREGAL DE LA VILLA
PERIODISTA,PERIODISTA
PERISUR,PERISUR
PEÑASCO RESIDENCIAL,PEÑASCO RESIDENCIAL
PILARES,PILARES
PILARES PORTAL,PILARES PORTAL
PIMENTEL,PIMENTEL
PITIC,PITIC
PLAZA GRANDE,PLAZA GRANDE
PLAZA REAL,PLAZA REAL
PORTAL DE ROMANZA,PORTAL DE ROMANZA
PORTAL DEL LAGO,PORTAL DEL LAGO
PORTAL DEL PITIC,PORTAL DEL PITIC
PRADERAS DEL REAL,PRADERAS DEL REAL
PRADERAS DEL SOL,PRADERAS DEL SOL
PRADERAS DEL VALLE,PRADERAS DEL VALLE
PRADOS DEL CENTENARIO,PRADOS DEL CENTENARIO
PRADOS DEL SOL,PRADOS DEL SOL
PRIMAVERA,PRIMAVERA
PRIMERO  HERMOSILLO,PRIMERO HERMOSILLO
PRIMERO HERMOSILLO,PRIMERO HERMOSILLO
PRIV REAL DEL PARQUE,PRIV REAL DEL PARQUE
PRIV RESIDENCIAL MONACO,PRIV RESIDENCIAL MONACO
PRIVADA DOS LAS LOMAS,PRIVADA DOS LAS LOMAS
PRIVADA LOMA ALTA,PRIVADA LOMA ALTA
PRIVADA PARQUE ALAMEDA,PRIVADA PARQUE ALAMEDA
PRIVADA ROSALES,PRIVADA ROSALES
PRIVADA SACRAMENTO,PRIVADA SACRAMENTO
PRIVADA SAHUARO,PRIVADA SAHUARO
PRIVADAS DE BUGAMBILIAS,PRIVADAS DE BUGAMBILIAS
PRIVADAS DE MIRADOR I,PRIVADAS DE MIRADOR I
PRIVADAS DE MIRADOR II,PRIVADAS DE MIRADOR I
PRIVADAS DEL BOSQUE,PRIVADAS DEL BOSQUE
PRIVADAS DEL REAL,PRIVADAS DEL REY
PRIVADAS DEL REY,PRIVADAS DEL REY
PRIVADAS DEL REY ETAPA II,PRIVADAS DEL REY ETAPA II
PRIVADAS DEL SAUCE,PRIVADAS DEL SAUCE
PRIVADAS SANTA CLARA,PRIVADAS SANTA CLARA
PROGRESISTA,PROGRESISTA
PROGRESO,PROGRESO
PROYECTO RIO SONORA,PROYECTO RIO SONORA
PROYECTO VILLAS DEL COLORADO,PROYECTO VILLAS DEL COLORADO
PUEBLITOS,PUEBLITOS
PUEBLITOS SECC GUARIJIOS,PUEBLITOS SECC GUARIJIOS
PUEBLITOS SECC KIKAPU,PUEBLITOS SECC KUKAPA
PUEBLITOS SECC KUKAPA,PUEBLITOS SECC KUKAPA
PUEBLITOS SECC PAPAGOS,PUEBLITOS SECC PAPAGOS
PUEBLITOS SECC PIMAS,PUEBLITOS SECC PIMAS
PUEBLO ALEGRE,PUEBLO ALEGRE
PUEBLO ALTO,PUEBLO ALTO
PUEBLO BONITO,PUEBLO BONITO
PUEBLO DEL ORO,PUEBLO DEL ORO
PUEBLO DEL SOL,PUEBLO DEL SOL
PUEBLO ESCONDIDO,PUEBLO ESCONDIDO
PUERTA DE HIERRO,PUERTA DE HIERRO
PUERTA DEL REY ETAPA III,PUERTA DEL REY ETAPA III
PUERTA DEL REY SECCIN GALICIA,PUERTA DEL REY SECCIN GALICIA
PUERTA DEL REY SECCION ALTADENA,PUERTA DEL REY SECCION ALTADENA
PUERTA DEL REY SECCION CALAFIA,PUERTA DEL REY SECCION CALAFIA
PUERTA DEL REY SECCION CUEVAS,PUERTA DEL REY SECCION CUEVAS
PUERTA DEL REY SECCION MONTELENA,PUERTA DEL REY SECCION MONTELENA
PUERTA DEL REY SECCION TIERRA NUEVA,PUERTA DEL REY SECCION TIERRA NUEVA
PUERTA ESMERALDA,PUERTA ESMERALDA
PUERTA GRANDE RESIDENCIAL,PUERTA GRANDE RESIDENCIAL
PUERTA REAL,PUERTA REAL
PUNTA DE LAGO RESIDENCIAL,PUNTA DE LAGO RESIDENCIAL
QUINTA EMILIA,QUINTA EMILIA
QUINTA ESMERALDA,QUINTA ESMERALDA
QUINTA LA PALOMA,QUINTA LA PALOMA
QUINTA REAL,QUINTA REAL
QUINTAEMILIA,QUINTAEMILIA
QUINTAS DEL SOL RESIDENCIAL,QUINTAS DEL SOL RESIDENCIAL
QUINTAS GALICIA,QUINTAS GALICIA
RANCHO BONITO,RANCHO BONITO
RANCHO GRANDE,RANCHO GRANDE
RAQUET CLUB,RAQUET CLUB
REAL DE LOS ARCOS,REAL DE LOS ARCOS
REAL DE MINAS,REAL DE MINAS
REAL DE QUIROGA,REAL DE QUIROGA
REAL DE QUIROGA SECCION MADRIGAL,REAL DE QUIROGA SECCION MADRIGAL
REAL DE SEVILLA,REAL DE SEVILLA
REAL DE TOLEDO,REAL DE TOLEDO
REAL DEL CARDO,REAL DEL CARDO
REAL DEL CARMEN RESIDENCIAL,REAL DEL CARMEN RESIDENCIAL
REAL DEL CENTENARIO,REAL DEL CENTENARIO
REAL DEL LLANO,REAL DEL LLANO
REAL DEL MONTEJO,REAL DEL MONTEJO
REAL DEL PITIC,REAL DEL PITIC
REFORMA NORTE,REFORMA NORTE
RENACERES RESIDENCIAL,RENACERES RESIDENCIAL
RENACIMIENTO,RENACIMIENTO
RESIDENCIAL ALAMOS,RESIDENCIAL ALAMOS
RESIDENCIAL ARIZONA,RESIDENCIAL ARIZONA
RESIDENCIAL BRITANIA,RESIDENCIAL BRITANIA
RESIDENCIAL CAPISTRANO,RESIDENCIAL CAPISTRANO
RESIDENCIAL COUNTRY CLUB,RESIDENCIAL COUNTRY CLUB
RESIDENCIAL DE ALCALA,RESIDENCIAL DE ALCALA
RESIDENCIAL DE ANZA,RESIDENCIAL DE ANZA
RESIDENCIAL GALA,RESIDENCIAL GALA
RESIDENCIAL KINO,RESIDENCIAL KINO
RESIDENCIAL LA CIMA,RESIDENCIAL LA CIMA
RESIDENCIAL LA HACIENDA,RESIDENCIAL LA HACIENDA
RESIDENCIAL LA RIOJA NORTE,RESIDENCIAL LA RIOJA NORTE
RESIDENCIAL MEDITERRANEO,RESIDENCIAL MEDITERRANEO
RESIDENCIAL NAVARRETE,RESIDENCIAL NAVARRETE
RESIDENCIAL PIMA,RESIDENCIAL PIMA
RESIDENCIAL REAL DE CASTILLA,RESIDENCIAL REAL DE CASTILLA
RESIDENCIAL SAN ANTONIO,RESIDENCIAL SAN ANTONIO
RESIDENCIAL SANTA FE,RESIDENCIAL SANTA FE
RESIDENCIAL VALLE DEL LAGO,RESIDENCIAL VALLE DEL LAGO
RESIDENCIAL VILLA BONITA,RESIDENCIAL VILLA BONITA
RESIDENCIAL VILLA FLORENCIA,RESIDENCIAL VILLA FLORENCIA
RETORNO ARCO IRIS,RETORNO ARCO IRIS
RETORNO DE LA MISION,RETORNO DE LA MISION
REVOLUCION 1,REVOLUCION 1
REVOLUCION 2,REVOLUCION 1
RINC0N AGRADABLE,RINC0N AGRADABLE
RINCON DE LAS FLORES,RINCON DE LAS FLORES
RINCON DE PALMAS,RINCON DE PALMAS
RINCON DEL MARQUEZ,RINCON DEL MARQUEZ
RINCON DEL RAQUET RESIDENCIAL,RINCON DEL RAQUET RESIDENCIAL
RINCONADA DE LA CRUZ,RINCONADA DE LA CRUZ
RIO DE LA PLATA RESIDENCIAL,RIO DE LA PLATA RESIDENCIAL
RIO GRANDE,RIO GRANDE
RIVELLO RESIDENCIAL,RIVELLO RESIDENCIAL
ROMANZA RESIDENCIAL,ROMANZA RESIDENCIAL
SACRAMENTO RESIDENCIAL,SACRAMENTO RESIDENCIAL
SAHUARO,SAHUARO
SAHUARO FINAL,SAHUARO FINAL
SAHUARO INDECO,SAHUARO INDECO
SALAMANCA,SALAMANCA
SALVATIERRA RESIDENCIAL,SALVATIERRA RESIDENCIAL
SAN ANDRES RESIDENCIAL,SAN ANDRES RESIDENCIAL
SAN ANGEL,SAN ANGEL
SAN BENITO,SAN BENITO
SAN BERNARDINO,SAN BERNARDINO
SAN BOSCO,SAN BOSCO
SAN CARLOS RESIDENCIAL,SAN CARLOS RESIDENCIAL
SAN FRANCISCO,SAN FRANCISCO
SAN FRANCISCO VALLE RESIDENCIAL,SAN FRANCISCO VALLE RESIDENCIAL
SAN GERMAN,SAN GERMAN
SAN ISIDRO,SAN ISIDRO
SAN JAVIER,SAN JAVIER
SAN JERONIMO,SAN JERONIMO
SAN JOSE DE LAS MINITAS,SAN JOSE DE LAS MINITAS
SAN JUAN,SAN JUAN
SAN JUDAS TADEO,SAN JUDAS TADEO
SAN LORENZO,SAN LORENZO
SAN LUIS,SAN LUIS
SAN LUIS REY,SAN LUIS REY
SAN MARCOS,SAN MARCOS
SAN PABLO,SAN PABLO
SAN RAFAEL,SAN RAFAEL
SAN SEBASTIAN,SAN SEBASTIAN
SANTA ANITA RESIDENCIAL,SANTA ANITA RESIDENCIAL
SANTA BARBARA,SANTA BARBARA
SANTA BARBARA DE LA BASILICA,SANTA BARBARA DE LA BASILICA
SANTA BARBARA DE LA MISION,SANTA BARBARA DE LA MISION
SANTA BARBARA DEL MIRADOR,SANTA BARBARA DEL MIRADOR
SANTA CLARA,SANTA CLARA
SANTA CRUZ,SANTA CRUZ
SANTA ENGRACIA PRIVADA RESIDENCIAL,SANTA ENGRACIA PRIVADA RESIDENCIAL
SANTA FE,SANTA FE
SANTA ISABEL,SANTA ISABEL
SANTA LUCIA,SANTA LUCIA
SANTA MARTHA,SANTA MARTHA
SANTA REGINA,SANTA REGINA
SEDONA RESIDENCIAL,SEDONA RESIDENCIAL
SEMINARIO RDCIAL,SEMINARIO RDCIAL
SIENA RESIDENCIAL,SIENA RESIDENCIAL
SIERRA BLANCA,SIERRA BLANCA
SIERRA BONITA,SIERRA BONITA
SIERRA CLARA,SIERRA CLARA
SIERRA VISTA,SIERRA VISTA
SIN NOMBRE 06,SIN NOMBRE 62
SIN NOMBRE 50,SIN NOMBRE 50
SIN NOMBRE 62,SIN NOMBRE 62
SOL AGUILAR (EL TRIUNFO),SOL AGUILAR (EL TRIUNFO)
SOLEIL RESIDENCIAL,SOLEIL RESIDENCIAL
SOLIDARIDAD,SOLIDARIDAD
SONACER,SONACER
STANZA FLORENZA RESIDENCIAL,STANZA FLORENZA RESIDENCIAL
STANZA SOLARE,STANZA SOLARE
STAUS,STAUS
TERRA BLANCA,TERRA BLANCA
TERRANOVA,TERRANOVA
TERRAZAS DEL MIRADOR,TERRAZAS DEL MIRADOR
TIERRA COLORADA,TIERRA COLORADA
TIERRA NUEVA,TIERRA NUEVA
TIERRA Y LIBERTAD,TIERRA Y LIBERTAD
TIRO AL BLANCO,TIRO AL BLANCO
TIROCAPES,TIROCAPES
TOPACIO RESIDENCIAL,TOPACIO RESIDENCIAL
TORRALBA RESIDENCIAL,TORRALBA RESIDENCIAL
TORRE DE PIEDRA,TORRE DE PIEDRA
TORRE DE PLATA,TORRE DE PLATA
TOSALI,TOSALI
TUBAC,TUBAC
TULIPANES RESIDENCIAL,TULIPANES RESIDENCIAL
TUMACACORI,TUMACACORI
UNIDAD HABITACIONAL ZONA MILITAR,UNIDAD HABITACIONAL ZONA MILITAR
UNION DE COLONOS,UNION DE COLONOS
UNION DE LADRILLEROS,UNION DE LADRILLEROS
UNIVERSIDAD,UNIVERSIDAD
URBI ALAMEDA LOS ENCINOS,URBI ALAMEDA LOS ENCINOS
URBI ALAMEDA LOS ENCINOS II,URBI ALAMEDA LOS ENCINOS
URBI ALAMEDA LOS FRESNOS RDCIAL,URBI ALAMEDA LOS FRESNOS RDCIAL
URBI VILLA DEL CEDRO,URBI VILLA DEL CEDRO
URBI VILLA DEL REY,URBI VILLA DEL REY
VALLADOLID,VALLADOLID
VALLE BONITO,VALLE BONITO
VALLE DE AGUALURCA,VALLE DE AGUALURCA
VALLE DE ARANDAS,VALLE DE ARANDAS
VALLE DE LOS ALMENDROS,VALLE DE LOS ALMENDROS
VALLE DE MARQUEZ,VALLE DE MARQUEZ
VALLE DEL PORTAL,VALLE DEL PORTAL
VALLE DEL SOL,VALLE DEL SOL
VALLE DORADO,VALLE DORADO
VALLE ESCONDIDO,VALLE ESCONDIDO
VALLE GRANDE,VALLE GRANDE
VALLE HERMOSO,VALLE HERMOSO
VALLE VERDE,VALLE VERDE
VELAS,VELAS
VENTURA CLUB RESIDENCIAL,VENTURA CLUB RESIDENCIAL
VERDE CERRADA SAN ROSENDO,VERDE CERRADA SAN ROSENDO
VERONA RESIDENCIAL,VERONA RESIDENCIAL
VERSALLES,VERSALLES
VILLA CALIFORNIA,VILLA CALIFORNIA
VILLA COLONIAL,VILLA COLONIAL
VILLA DE PARRAS,VILLA DE PARRAS
VILLA DE SERIS,VILLA DE SERIS
VILLA DEL PITIC,VILLA DEL PITIC
VILLA DORADA,VILLA DORADA
VILLA ESMERALDA,VILLA ESMERALDA
VILLA FONTANA,VILLA FONTANA
VILLA GUADALUPE,VILLA GUADALUPE
VILLA HERMOSA,VILLA HERMOSA
VILLA LOURDES,VILLA LOURDES
VILLA MERCEDES,VILLA MERCEDES
VILLA SATELITE,VILLA SATELITE
VILLA SAUCES RESIDENCIAL,VILLA SAUCES RESIDENCIAL
VILLA SOL,VILLA SOL
VILLA SONORA,VILLA SONORA
VILLA SUREÑA,VILLA SUREÑA
VILLA TOSCANA,VILLA TOSCANA
VILLA VENTURA,VILLA VENTURA
VILLA VERDE CERRADA SAN ADRIAN,VILLA VERDE CERRADA SAN ADRIAN
VILLA VERDE CERRADA SAN EFRAIN,VILLA VERDE CERRADA SAN EFRAIN
VILLA VERDE CERRADA SAN FEDERICO,VILLA VERDE CERRADA SAN FEDERICO
VILLA VERDE CERRADA SAN JOEL,VILLA VERDE CERRADA SAN JOEL
VILLA VERDE CERRADA SAN JUDAS,VILLA VERDE CERRADA SAN JUDAS
VILLA VERDE CERRADA SAN LUIS,VILLA VERDE CERRADA SAN LUIS
VILLA VERDE CERRADA SAN NOE,VILLA VERDE CERRADA SAN NOE
VILLA VERDE CERRADA SAN PEDRO,VILLA VERDE CERRADA SAN PEDRO
VILLA VERDE CERRADA SAN RENE,VILLA VERDE CERRADA SAN RENE
VILLA VERDE CERRADA SAN ROGELIO,VILLA VERDE CERRADA SAN ROGELIO
VILLA VERDE CERRADA SAN VICENTE,VILLA VERDE CERRADA SAN VICENTE
VILLA VERDE CERRADA SANTO NIÑO,VILLA VERDE CERRADA SANTO NIÑO
VILLA VERDE CERRADA SANTO TOMAS,VILLA VERDE CERRADA SANTO TOMAS
VILLAS DEL CORTEZ,VILLAS DEL CORTEZ
VILLAS DEL CORTIJO,VILLAS DEL CORTIJO
VILLAS DEL MEDITERRANEO,VILLAS DEL MEDITERRANEO
VILLAS DEL PALMAR,VILLAS DEL PALMAR
VILLAS DEL PRADO,VILLAS DEL PRADO
VILLAS DEL REAL,VILLAS DEL REAL
VILLAS DEL SUR,VILLAS DEL SUR
VILLAS MONTECARLO,VILLAS MONTECARLO
VILLAS RESIDENCIAL,VILLAS RESIDENCIAL
VIRREYES,VIRREYES
VISTA BELLA,VISTA BELLA
VISTA DEL LAGO,VISTA DEL LAGO
VISTA REAL,VISTA REAL
VIÑEDOS,VIÑEDOS
Y GRIEGA,Y GRIEGA
ZONA INDUSTRIAL,ZONA INDUSTRIAL
