COLONIA_ORIGINAL,COLONIA_NORMALIZADA
10 DE MAYO,10 DE MAYO
14 DE MARZO,4 DE MARZO
1RO DE JULIO,1RO DE JULIO
20 DE NOVIEMBRE,20 DE NOVIEMBRE
20 DE NOVIEMBRE TRES,20 DE NOVIEMBRE TRES
22 DE SEPTIEMBRE,22 DE SEPTIEMBRE
26 DE OCTUBRE,26 DE OCTUBRE
3 REYNAS,3 REYNAS
4 DE MARZO,4 DE MARZO
4 OLIVOS,4 OLIVOS
4 VIENTOS [RANCHO],4 VIENTOS [RANCHO]
4TA ZONA MILITAR,4TA ZONA MILITAR
5 DE MAYO,5 DE MAYO
"5 DE MAYO SECTOR ""A""","5 DE MAYO SECTOR ""A"""
5 HERMANOS (ROBERTO SESMA),5 HERMANOS (ROBERTO SESMA)
A. LOPEZ MATEOS,A. LOPEZ MATEOS
ACACIA RESIDENCIAL,ACACIAS RESIDENCIAL
ACACIAS RESIDENCIAL,ACACIAS RESIDENCIAL
ACASSIA BLANCA,ACASSIA BLANCA
ADOLFO DE LA HUERTA,ADOLFO DE LA HUERTA
ADOLFO LOPEZ MATEOS,ADOLFO LOPEZ MATEOS
ADOLFO LOPEZ MATEOS (LOS OLIVOS),ADOLFO LOPEZ MATEOS (LOS OLIVOS)
ADOLFO LOPEZ MATEOS I ETAPA,ADOLFO LOPEZ MATEOS III ETAPA
ADOLFO LOPEZ MATEOS II ETAPA,ADOLFO LOPEZ MATEOS III ETAPA
ADOLFO LOPEZ MATEOS III ETAPA,ADOLFO LOPEZ MATEOS III ETAPA
ADOLFO LOPEZ MATEOS IV,ADOLFO LOPEZ MATEOS IV
AEROPUERTO,AEROPUERTO
AGAVES RESIDENCIAL,AGAVES RESIDENCIAL
AGUALURCA,AGUALURCA
AGUAYO PORCHAS,AGUAYO PORCHAS
AGUAZARCA,AGUAZARCA
AKIWIKI,AKIWIKI
ALAMEDA,ALAMEDA
ALAMEDA LOS FRESNOS,ALAMEDA LOS FRESNOS
ALAMO RESIDENCIAL,ALAMO RESIDENCIAL
ALAMOS,ALAMOS
ALBERTO GUTIERREZ,ALBERTO GUTIERREZ
ALBORADA,ALBORADA
ALCALA,ALCALA
ALCALA RESIDENCIAL,ALCALA RESIDENCIAL
ALCALÁ RESIDENCIAL,ALCALA RESIDENCIAL
ALCATRACES,ALCATRACES
ALCATRAZ,ALCATRAZ
ALCATRAZ\BAHIA DE KINO,ALCATRAZ\BAHIA DE KINO
ALEGRANZA,ALEGRANZA
ALEGRANZA RESIDENCIAL,ALEGRANZA RESIDENCIAL
ALEJANDRO CARRILLO MARCOR,ALEJANDRO CARRILLO MARCOR
ALEMANIA,ALEMANIA
ALFONSO PERALTA,ALFONSO PERALTA
ALFREDO NORIEGA,ALFREDO NORIEGA
ALONDRAS RESIDENCIAL,ALONDRAS RESIDENCIAL
ALTA CALIFORNIA,ALTA CALIFORNIA
ALTA CALIFORNIA RESIDENCIAL,ALTA CALIFORNIA RESIDENCIAL
ALTA CALIFORNIA RESIDENCIAL SECC CORONADO,ALTA CALIFORNIA RESIDENCIAL SECC CORONADO
ALTA FIRENZE RESIDENCIAL,ALTAFIRENZE RESIDENCIAL
ALTA MONACO,ALTA MONACO
ALTA RIVERA,ALTA RIVERA
ALTADENA,ALTADENA
ALTAFIRENZE RESIDENCIAL,ALTAFIRENZE RESIDENCIAL
ALTAMIRA,ALTAMIRA
ALTARES,ALTARES
ALTARES AMANECERES,ALTARES AMANECERES
ALTARES CUARTA ETAPA,ALTARES CUARTA ETAPA
ALTARES II,ALTARES II
ALTARES SECCION FRANCISCANOS,ALTARES SECCION FRANCISCANOS
ALTARIA RESIDENCIAL,ALTARIA RESIDENCIAL
ALTARIA RESIDENCIAL SECC. NAPOLES,ALTARIA RESIDENCIAL SECC. NAPOLES
ALTO VALLE,ALTO VALLE
ALTO VALLE SECTOR A,ALTO VALLE SECTOR A
ALTOS DE ARAGON,ALTOS DE ARAGON
ALTOZANO,ALTOZANO
ALVARO OBREGON,ALVARO OBREGON
AMAPOLA NORTE,AMAPOLA NORTE
AMAPOLAS,AMAPOLAS
AMPLIACIN 4 DE MARZO,AMPLIACION 4 DE MARZO
AMPLIACION 4 DE MARZO,AMPLIACION 4 DE MARZO
AMPLIACION ALCATRACES,AMPLIACION ALCATRACES
AMPLIACION ALCATRAZES,AMPLIACION ALCATRACES
AMPLIACION ALTARES,AMPLIACION ALTARES
AMPLIACION COLOSIO,AMPLIACION COLOSIO
AMPLIACION EL MIRADOR,AMPLIACION EL MIRADOR
AMPLIACION LADRILLERAS,AMPLIACION LADRILLERAS
AMPLIACION LOS OLIVOS,AMPLIACION LOS OLIVOS
AMPLIACION LUIS DONALDO COLOSIO 3RA.ETAPA,AMPLIACION LUIS DONALDO COLOSIO 3RA.ETAPA
AMPLIACION SAHUARO,AMPLIACION SAHUARO
AMPLIACIONL LUIS DONALDO COLOSIO 3RA.ETAPA,AMPLIACION LUIS DONALDO COLOSIO 3RA.ETAPA
AMPLIACIÓN LADRILLERAS,AMPLIACION LADRILLERAS
AMPLIACIÓN LOS OLIVOS,AMPLIACION LOS OLIVOS
ANDALUCIA,ANDALUCIA
ANDALUCÍA,ANDALUCIA
ANGEL FLORES,ANGEL FLORES
ANGELES,ANGELES
ANGELES CERRADA MIXCOAC,ANGELES CERRADA MIXCOAC
ANTARA RESIDENCIAL,ANTARA RESIDENCIAL
ANTONIO MENDEZ,ANTONIO MENDEZ
ANTONIO PARADA CANO,ANTONIO PARADA CANO
ANTORCHA .,ANTORCHA .
ANTORCHA CAMPESINA,ANTORCHA CAMPESINA
APOLO,APOLO
APOLO (LOCALIDAD RURAL),APOLO (LOCALIDAD RURAL)
AQUA KINO,AQUA KINO
AQUILES SERDAN (SANTA INES),AQUILES SERDAN (SANTA INES)
ARAGON RESIDENCIAL,ARAGON RESIDENCIAL
ARANDANOS,ARANDANOS
ARANDANOS RESIDENCIAL,ARANDANOS RESIDENCIAL
ARANDANOS SECCION VILLA HERMOSA,ARANDANOS SECCION VILLA HERMOSA
ARANDAS RESIDENCIAL,ARANDANOS RESIDENCIAL
ARANJUEZ,ARANJUEZ
ARANJUEZ RESIDENCIAL,ARANJUEZ RESIDENCIAL
ARBOLEDAS,ARBOLEDAS
ARCADIA,ARCADIA
ARCADIA RESIDENCIAL,ARCADIA RESIDENCIAL
ARCADIA SECC. NAPOLES,ARCADIA SECC. NAPOLES
ARCO IRIS,ARCO IRIS
ARDENEZ,ARDENEZ
ARGANGEL RESIDENCIAL,ARGANGEL RESIDENCIAL
ARIZONA,ARIZONA
ARROYOS,ARROYOS
ARTESANOS,ARTESANOS
ARTESANOS\BAHIA DE KINO,ARTESANOS\BAHIA DE KINO
ARÁNDANOS,ARANDANOS
ASTURIAS RESIDENCIAL,ASTURIAS RESIDENCIAL
ATARDECERES,ATARDECERES
AUREA RESIDENCIAL,AUREA RESIDENCIAL
AZORES RESIDENCIAL,AZORES RESIDENCIAL
BACHOCO,BACHOCO
BADALONA,BADALONA
BAGALONA,BAGALONA
BAHIA DE KINO,BAHÍA DE KINO
BAHIA DE KINO.,BAHÍA DE KINO
BAHÍA DE KINO,BAHÍA DE KINO
BAHÍA DE KINO NUEVO,BAHÍA DE KINO NUEVO
BALDERRAMA,BALDERRAMA
BANUS,BANUS
BANUS II,BANUS II
BARCELONA RESIDENCIAL,BARCELONA RESIDENCIAL
BARRIO CHULO,BARRIO CHULO
BARRIO DE LA CRUZ\BAHIA DE KINO,BARRIO DE LA CRUZ\BAHIA DE KINO
BASALTO,BASALTO
BASOPA (SAN ALFONSO),BASOPA (SAN ALFONSO)
BAZANO,BAZANO
BELLA VISTA,BELLA VISTA
BELLAVISTA,BELLAVISTA
BENEI,BENEI
BENEI RESIDENCIAL,BENEI RESIDENCIAL
BENITO JUAREZ,BENITO JUAREZ
BENITO JUAREZ (LOCALIDAD RURAL),BENITO JUAREZ (LOCALIDAD RURAL)
BENITO JUAREZ (SECCION TRES),BENITO JUAREZ (SECCION TRES)
BENITO JUÁREZ,BENITO JUAREZ
BERNARDO ESQUEDA,BERNARDO ESQUEDA
BICENTENARIO,BICENTENARIO
BICENTENARIO 1810,BICENTENARIO 1810
BICENTENARIO 1910,BICENTENARIO 1910
BILBAO,BILBAO
BILBAO RESIDENCIAL,BILBAO RESIDENCIAL
BONANZA,BONANZA
BONATERRA RESIDENCIAL,BONATERRA RESIDENCIAL
BONILLA,BONILLA
BOSCO RESIDENCIA,BOSCO RESIDENCIA
BRETAÑA,BRETAÑA
BUENA VENTURA,BUENA VENTURA
BUENA VISTA,BUENA VISTA
BUENA VISTA SECC BONITA,BUENA VISTA SECC BONITA
BUENA VISTA SECCION AMANECERES,BUENA VISTA SECCION AMANECERES
BUENAVENTURA,BUENAVENTURA
BUENAVISTA,BUENAVISTA
BUENAVISTA (LOCALIDAD RURAL),BUENAVISTA (LOCALIDAD RURAL)
BUENOS AIRES,BUENOS AIRES
BUGAMBILIA,BUGAMBILIA
BUGAMBILIAS,BUGAMBILIAS
BURGOS PITIC RESIDENCIAL,BURGOS PITIC RESIDENCIAL
BUROCRATA MUNICIPAL,BUROCRATA MUNICIPAL
BURRO LINDO,BURRO LINDO
CADIZ RESIDENCIAL,CADIZ RESIDENCIAL
CAFE  COMBATE,CAFE COMBATE
CAFE COMBATE,CAFE COMBATE
CAFE COMBATE II,CAFE COMBATE II
CAFE COMBRATE,CAFE COMBATE
CAFETALES,CAFETALES
CAJEME,CAJEME
CALHIDRA DE SONORA [CALERA],CALHIDRA DE SONORA [CALERA]
CALIFORNIA,CALIFORNIA
CALIFORNIA ETAPA V,CALIFORNIA ETAPA V
CALIFORNIA PRIVADA MONTEBELLO,CALIFORNIA PRIVADA MONTEBELLO
CALIFORNIA PRIVADA SANTA MONICA,CALIFORNIA PRIVADA SANTA MONICA
CALIFORNIA RESIDENCIAL,CALIFORNIA RESIDENCIAL
CALIFORNIA RESIDENCIAL CDA CORDOBA,CALIFORNIA RESIDENCIAL CDA CORDOBA
CALIFORNIA RESIDENCIAL CDA SARATOGA,CALIFORNIA RESIDENCIAL CDA SARATOGA
CALIFORNIA RESIDENCIAL SANTA ROSA,CALIFORNIA RESIDENCIAL SANTA ROSA
CALIFORNIA RESIDENCIAL SECC MARQUEZ,CALIFORNIA RESIDENCIAL SECC MARQUEZ
CALIFORNIA RESIDENCIAL SECC. SANTA MARTHA,CALIFORNIA RESIDENCIAL SECC. SANTA MARTHA
CALIFORNIA RESIDENCIAL SECC. SANTA MONICA,CALIFORNIA RESIDENCIAL SECC. SANTA MONICA
CALIFORNIA RESIDENCIAL SECCION SANTA ROSA,CALIFORNIA RESIDENCIAL SECCION SANTA ROSA
CALIFORNIA SECC. MEDITERRANEO,CALIFORNIA SECC. MEDITERRANEO
CALIFORNIA SECC. SACRAMENTO,CALIFORNIA SECC. SACRAMENTO
CALIFORNIA SECC. SARATOGA,CALIFORNIA SECC. SARATOGA
CALIFORNIA SECCION MARQUEZA,CALIFORNIA SECCION MARQUEZA
CALIFRONIA RESIDENCIAL CERRADA SANTA ROSA,CALIFRONIA RESIDENCIAL CERRADA SANTA ROSA
CALISTOGA,CALISTOGA
CALLE 28 NORTE,CALLE 28 NORTE
CALLE TRECE,CALLE TRECE
CAMINO DEL SERI,CAMINO DEL SERI
CAMINO REAL,CAMINO REAL
CAMINO REAL DEL NORTE,CAMINO REAL DEL NORTE
CAMINO REAL MISION,CAMINO REAL MISION
CAMPANARIO,CAMPANARIO
CAMPESTRE,CAMPESTRE
CAMPESTRE CASA BLANCA,CAMPESTRE CASA BLANCA
CAMPESTRE CETACEAS,CAMPESTRE CETÁCEAS
CAMPESTRE CETÁCEAS,CAMPESTRE CETÁCEAS
CAMPESTRE EJIDO LA YESCA,CAMPESTRE EJIDO LA YESCA
CAMPESTRE EL POTRILLO,CAMPESTRE EL POTRILLO
CAMPESTRE LA HERRADURA,CAMPESTRE LA HERRADURA
CAMPESTRE LOS BAGOTES,CAMPESTRE LOS BAGOTES
CAMPESTRE RESIDENCIAL,CAMPESTRE RESIDENCIAL
CAMPILLO (SANTA ROSALIA),CAMPILLO (SANTA ROSALIA)
CAMPIÑA,CAMPIÑA
CAMPO EL GRANDE,CAMPO EL GRANDE
CAMPO GRANDE,CAMPO GRANDE
CAMPO GRANDE (VIÑEDOS ALTA),CAMPO GRANDE (VIÑEDOS ALTA)
CAMPO GRANDE NUMERO DOS,CAMPO GRANDE NUMERO DOS
CAMPO GRANDE SEGUNDA CERRADA GOLD WARER,CAMPO GRANDE SEGUNDA CERRADA GOLD WARER
CAMPO LA FLORIDA,CAMPO LA FLORIDA
CAMPO LAS LOMITAS,CAMPO LAS LOMITAS
CAMPO NUEVO,CAMPO NUEVO
CAMPO NUEVO (LOCALIDAD RURAL),CAMPO NUEVO (LOCALIDAD RURAL)
CAMPO SAN LUIS,CAMPO SAN LUIS
CAMPOGRANDE RESIDENCIAL,CAMPOGRANDE RESIDENCIAL
CANADA DE LOS NEGROS,CANADA DE LOS NEGROS
CANARIOS,CANARIOS
CANTABRIA RESIDENCIAL,CANTABRIA RESIDENCIAL
CANTERAS RESIDENCIAL,CANTERAS RESIDENCIAL
CANTERAS RESIDENCIAL SECCION MONTALBAN,CANTERAS RESIDENCIAL SECCION MONTALBAN
CAPERUSO,CAPERUSO
CAPERUZO,CAPERUZO
CAPILLA,CAPILLA
CAPISTRANO,CAPISTRANO
CAPISTRANO 4TA SECCION,CAPISTRANO 4TA SECCION
CARDENAS RESIDENCIAL,CARDENAS RESIDENCIAL
CARDENO,CARDENO
CARDENO 2,CARDENO 2
CARDENO ETAPA CELESTE II,CARDENO ETAPA CELESTE II
CARDENO RESIDENCIAL,CARDENO RESIDENCIAL
CARIDAD,CARIDAD
CARMEN SERDAN,CARMEN SERDAN
CARMEN SERDÁN,CARMEN SERDAN
CARNAVALITO,CARNAVALITO
CARNAVALITO\BAHIA DE KINO,CARNAVALITO\BAHIA DE KINO
CARRETERA 26,CARRETERA 26
CARRETERA BAHÍA DE KINO,CARRETERA BAHÍA DE KINO
CARRETERA GUAYMAS,CARRETERA GUAYMAS
CARRETERA GUAYMAS - HERMOSILLO,CARRETERA GUAYMAS - HERMOSILLO
CARRETERA INTERNACIONAL,CARRETERA INTERNACIONAL
CARRETERA URES,CARRETERA URES
CARRETERA YECORA,CARRETERA YECORA
CARRILLO MARCOR,CARRILLO MARCOR
CASA ALTA RDCIAL,CASA ALTA RDCIAL
CASA BLANCA,CASA BLANCA
CASA BONITA,CASA BONITA
CASA BONITA 2,CASA BONITA 2
CASA BONITA RESIDENCIAL,CASA BONITA RESIDENCIAL
CASA GRANDE,CASA GRANDE
CASA GRANDE RESIDENCIAL,CASA GRANDE RESIDENCIAL
CASA GRANDE RESIDENCIAL I,CASA GRANDE RESIDENCIAL I
CASA LINDA,CASA LINDA
CASA REAL,CASA REAL
CASA SOLARI,CASA SOLARI
CASERIO SAHUARO,CASERIO SAHUARO
CASERIO SOLAR,CASERIO SOLAR
CASIA RESIDENCIAL,CASIA RESIDENCIAL
CASTELINA,CASTELINA
CASTELLO RESIDENCIAL,CASTELLO RESIDENCIAL
CATABIÑA,CATABIÑA
CATALINAS RESIDENCIAL,CATALINAS RESIDENCIAL
CATAVIÑA RESIDENCIAL,CATAVIÑA RESIDENCIAL
CAÑADA DE LOS NEGROS,CANADA DE LOS NEGROS
CCUCURPE,CCUCURPE
CENTENARIO,CENTENARIO
CENTENARIO ISTESSON,CENTENARIO ISTESSON
CENTENARIO LUX,CENTENARIO LUX
CENTRAL DE ABASTOS,CENTRAL DE ABASTOS
CENTRO,CENTRO
CENTRO BAHIA DE KINO,CENTRO BAHIA DE KINO
CENTRO ECOLOGICO DE SONORA,CENTRO ECOLOGICO DE SONORA
CENTRO NORTE,CENTRO NORTE
CENTRO ORIENTE,CENTRO ORIENTE
"CENTRO SUR, MERCADO","CENTRO SUR, MERCADO"
CENTRO\BAHIA DE KINO,CENTRO BAHIA DE KINO
CERRADA 940,CERRADA 940
CERRADA ANDALUCIA,CERRADA ANDALUCIA
CERRADA CORONADO,CERRADA CORONADO
CERRADA CUCURPE,CERRADA CUCURPE
CERRADA DE LA CAPILLA,CERRADA DE LA CAPILLA
CERRADA DE MINAS,CERRADA DE MINAS
CERRADA DEL ANGEL,CERRADA DEL ANGEL
CERRADA DEL CID,CERRADA DEL CID
CERRADA DIAMANTE,CERRADA DIAMANTES
CERRADA DIAMANTES,CERRADA DIAMANTES
CERRADA EL ENCANTO,CERRADA EL ENCANTO
CERRADA KUKAPA,CERRADA KUKAPA
CERRADA LA CAPILLA,CERRADA LA CAPILLA
CERRADA LA CARIDAD,CERRADA LA CARIDAD
CERRADA LA VEREDAS,CERRADA LA VEREDAS
CERRADA MILAN,CERRADA MILAN
CERRADA MINAS,CERRADA MINAS
CERRADA NORWALK,CERRADA NORWALK
CERRADA PALO VERDE,CERRADA PALO VERDE
CERRADA PIMAS,CERRADA PIMAS
CERRADA ROBLES,CERRADA ROBLES
CERRADA SAN IGNACIO,CERRADA SAN IGNACIO
CERRADA SAN RAFAEL,CERRADA SAN RAFAEL
CERRADA SANTA MONICA,CERRADA SANTA MONICA
CERRADA SANTA MONICA CALIFORNIA,CERRADA SANTA MONICA CALIFORNIA
CERRADA SUAQUI GRANDE,CERRADA SUAQUI GRANDE
CERRADA VISTA AZUL,CERRADA VISTA AZUL
CERRO,CERRO
CERRO 1,CERRO 1
CERRO 2,CERRO 2
CERRO APACHE,CERRO APACHE
CERRO COLORADO,CERRO COLORADO
CERRO DE LA CAMPANA,CERRO DE LA CAMPANA
CERRO DE LA CRUZ,CERRO DE LA CRUZ
CERRO DE LA VIRGEN,CERRO DE LA VIRGEN
CERRO LA CAMPANA,CERRO LA CAMPANA
CEZANNE RESIDENCIAL,CEZANNE RESIDENCIAL
CHANATE,CHANATE
CHINO ABELARDO,CHINO ABELARDO
CHOYAL,CHOYAL
CHULA VISTA,CHULA VISTA
CHULAVISTA,CHULAVISTA
CIENA RESIDENCIAL,SIENA RESIDENCIAL
CIMA II,CIMA II
CIMA RESIDENCIAL,CIMA RESIDENCIAL
CINCO DE MAYO,CINCO DE MAYO
CIRENSE RESIDENCIAL,CIRENSE RESIDENCIAL
CLUB BRITANIA,CLUB BRITANIA
CLUB CAMPESTRE RÍO AZUL,CLUB CAMPESTRE RÍO AZUL
CLUB DE GOLF LOS LAGOS,CLUB DE GOLF LOS LAGOS
CNOP,CNOP
COL LADRILLERA,COL LADRILLERA
COLINA BLANCA,COLINA BLANCA
COLINA DEL VALLE,COLINA DEL VALLE
COLINAS,COLINAS
COLINAS DE SAN JAVIER,COLINAS DE SAN JAVIER
COLINAS DEL BACHOCO,COLINAS DEL BACHOCO
COLINAS DEL MAR,COLINAS DEL MAR
COLINAS DEL SOL,COLINAS DEL SOL
COLINAS DEL VALLE,COLINA DEL VALLE
COLINAS II,COLINAS II
COLINAS RESIDENCIAL,COLINAS RESIDENCIAL
COLINAS RESIDENCIALES DEL BACHOCO,COLINAS RESIDENCIALES DEL BACHOCO
COLONA BLANCA,COLONA BLANCA
COLONIA LAS COSECHAS,COLONIA LAS COSECHAS
COLONIA RURAL,COLONIA RURAL
COLONIA RURAL HERMOSILLO,COLONIA RURAL HERMOSILLO
COLONIA SAN BENITO,COLONIA SAN BENITO
COLOSO,COLOSO
COLOSO ALTA,COLOSO ALTA
COLOSO ALTO,COLOSO ALTO
COLOSO BAJO,COLOSO BAJO
COLOSO NORTE,COLOSO NORTE
COLOSO ORIENTE,COLOSO ORIENTE
COMBATE,COMBATE
COMERCIAL CEDROS,COMERCIAL CEDROS
COMPOSTELA RESIDENCIAL,COMPOSTELA RESIDENCIAL
CONCORDIA RESIDNCIAL,CONCORDIA RESIDNCIAL
CONDESA,CONDESA
CONDOMINIO HACIENDA REAL,CONDOMINIO HACIENDA REAL
CONDOMINIO VILLAS DEL MAR,CONDOMINIO VILLAS DEL MAR
CONDOMINIOS INN,CONDOMINIOS INN
CONDOMINIOS JACQUELYNN,CONDOMINIOS JACQUELYNN
CONDOMINIOS LOS PORTALES RESIDENCIAL,CONDOMINIOS LOS PORTALES RESIDENCIAL
CONDOMINIOS SAN PABLO,CONDOMINIOS SAN PABLO
CONJUNTO ALBORADA,CONJUNTO ALBORADA
CONQUISTADORES,CONQUISTADORES
CONSTITUCION,CONSTITUCIÓN
CONSTITUCIÓN,CONSTITUCIÓN
CORCELES,CORCELES
CORCELES RESIDENCIAL,CORCELES RESIDENCIAL
CORCELES SECC ALTER REAL,CORCELES SECC ALTER REAL
CORCELES SECC ARDENES,CORCELES SECC ARDENES
CORCICA,CORCICA
CORCITA RESIDENCIAL,CORCITA RESIDENCIAL
CORDOBA RDCIAL,CORDOBA RDCIAL
CORDOBA RESIDENCIAL,CORDOBA RESIDENCIAL
CORONADO,CORONADO
CORONADO RESIDENCIAL,CORONADO RESIDENCIAL
CORRALES SAN JUANERO,CORRALES SAN JUANERO
CORSELES,CORSELES
CORSICA RESIDENCIAL,CORSICA RESIDENCIAL
CORTIJO PERIODISTAS,CORTIJO PERIODISTAS
CORTIJO PERODISTA,CORTIJO PERIODISTAS
CORTIJO PIONEROS,CORTIJO PIONEROS
CORTIJO SECCION PERIODISTAS,CORTIJO SECCION PERIODISTAS
CORTIJO SECCION PIONEROS,CORTIJO SECCION PIONEROS
CORTIJO UNISON,CORTIJO UNISON
CORUÑA,CORUÑA
COSTA DEL SOL,COSTA DEL SOL
COSTA DEL SOL 2DA ETAPA,COSTA DEL SOL 2DA ETAPA
COSTA RICA,COSTA RICA
COUNTRY CLUB,COUNTRY CLUB
COUNTRY CLUB II,COUNTRY CLUB II
COUNTRY CLUB RESIDENCIAL,COUNTRY CLUB RESIDENCIAL
CRISTOBAL COLON,CRISTOBAL COLON
CRUCERO (CUATRO Y VEINTISEIS),CRUCERO (CUATRO Y VEINTISEIS)
CRUCERO DOCE Y VEINTISEIS,CRUCERO DOCE Y VEINTISEIS
CRUZ GALVEZ,CRUZ GÁLVEZ
CRUZ GALVEZ (EL CAPORAL),CRUZ GALVEZ (EL CAPORAL)
CRUZ GÁLVEZ,CRUZ GÁLVEZ
CUADRA LOS LOCOS,CUADRA LOS LOCOS
CUADRA MARQUEZ,CUADRA MARQUEZ
CUARTEL 15A,CUARTEL 15A
CUARTEL PITIC,CUARTEL PITIC
CUARTEL XV,CUARTEL XV
CUARTEL XX CAFE COMBATE,CUARTEL XX CAFE COMBATE
CUARTEL XX CAFÉ COMBATE,CUARTEL XX CAFE COMBATE
CUATRO OLIVOS,CUATRO OLIVOS
CUAUHTEMOC,CUAUHTEMOC
CUAUHTÉMOC,CUAUHTEMOC
CUCURPE,CUCURPE
CUCURPE II,CUCURPE II
CUEVITAS,CUEVITAS
CUMBRES RESIDENCIAL,CUMBRES RESIDENCIAL
DALI,DALI
DE LA CRUZ,DE LA CRUZ
DE LA UNION 17 DE JULIO,DE LA UNION 17 DE JULIO
DE LOS POETAS,DE LOS POETAS
DE LOS REYES,DE LOS REYES
DEL BOSQUE,DEL BOSQUE
DEL CARMEN (LAS ISLAS),DEL CARMEN (LAS ISLAS)
DEL CID RESIDENCIAL,DEL CID RESIDENCIAL
DEL RAZO,DEL RAZO
DESARROLLO (PERICOS DOS),DESARROLLO (PERICOS DOS)
DIAMANTE,DIAMANTE
DILIGENCIAS,DILIGENCIAS
DIVISION DEL NORTE,DIVISION DEL NORTE
DOS TRIANGULOS,DOS TRIANGULOS
DUNAS,DUNAS
DUNAS II,DUNAS II
ECONATURA,ECONATURA
EJ. EL TRIUNFITO,EJ. EL TRIUNFITO
EJIDO  EL BUEY,EJIDO  EL BUEY
EJIDO CARRILLO MARCOT,EJIDO CARRILLO MARCOT
EJIDO EL CHANATE,EJIDO EL CHANATE
EJIDO EL CHOYUDO,EJIDO EL CHOYUDO
EJIDO EL REALITO,EJIDO EL REALITO
EJIDO EL TRIUNFITO,EJIDO EL TRIUNFO
EJIDO EL TRIUNFO,EJIDO EL TRIUNFO
EJIDO EL ZACATON,EJIDO EL ZACATON
EJIDO LA HABANA,EJIDO LA HABANA
EJIDO LA MANGA,EJIDO LA MANGA
EJIDO LA PEAÑA,EJIDO LA PEAÑA
EJIDO LA VICTORIA,EJIDO LA VICTORIA
EJIDO LAS PLACIITAS,EJIDO LAS PLACITAS
EJIDO LAS PLACITAS,EJIDO LAS PLACITAS
EJIDO LOS CHOROS,EJIDO LOS CHOROS
EJIDO MESA DE SERI,EJIDO MESA DE SERI
EJIDO MESA DEL SERI,EJIDO MESA DE SERI
EJIDO MINERO DE PILARES,EJIDO MINERO DE PILARES
EJIDO NUEVO SAN MIGUEL,EJIDO NUEVO SAN MIGUEL
EJIDO PLAN DE AYALA,EJIDO PLAN DE AYALA
EJIDO SAN BARTOLO,EJIDO SAN BARTOLO
EJIDO SAN JUAN,EJIDO SAN JUAN
EJIDO ZAMORA,EJIDO ZAMORA
EJODO EL BUEY,EJODO EL BUEY
EL 33,EL 33
EL ALAMITO (CAMPO EL CHALE),EL ALAMITO (CAMPO EL CHALE)
EL ALAMITO BUENAVISTA (EL TRONCONAL),EL ALAMITO BUENAVISTA (EL TRONCONAL)
EL ANTORCHA,EL ANTORCHA
EL APACHE,EL APACHE
EL BUEY,EL BUEY
EL CACULLA,EL CACULLA
EL CAPERUZO,EL CAPERUZO
EL CARMEN,EL CARMEN
EL CARMEN (LOCALIDAD RURAL),EL CARMEN (LOCALIDAD RURAL)
EL CEBOLLON [CAMPESTRE],EL CEBOLLON [CAMPESTRE]
EL CHALATE,EL CHALATE
EL CHAPARRAL,EL CHAPARRAL
EL CHAPARRAL [FRACCIONAMIENTO],EL CHAPARRAL [FRACCIONAMIENTO]
EL CHATARRAL,EL CHATARRAL
EL CHICOTAZO,EL CHICOTAZO
EL CHIPILON,EL CHIPILON
EL CHOYUDO,EL CHOYUDO
EL CHOYUDO (LOS JAPONESES),EL CHOYUDO (LOS JAPONESES)
EL CIMARRON,EL CIMARRON
EL COLORADO,EL COLORADO
EL COLOSO,EL COLOSO
EL COLOSO ALTO,EL COLOSO ALTO
EL CONQUISTADOR,EL CONQUISTADOR
EL CONSEJO,EL CONSEJO
EL CORTIJO,EL CORTIJO
EL CORTIJO PERIODISTA,EL CORTIJO PERIODISTA
EL CORTIJO SECCION PIONEROS,CORTIJO SECCION PIONEROS
EL CORTIJO UNISON,EL CORTIJO UNISON
EL CRUCERO (CERO NORTE),EL CRUCERO (CERO NORTE)
EL CRUCERO (LA TREINTA Y SEIS SUR),EL CRUCERO (LA TREINTA Y SEIS SUR)
EL DORADO,EL DORADO
EL DORADO I,EL DORADO I
EL EJIDO LA YESCA,EL EJIDO LA YESCA
EL ENCANTO,EL ENCANTO
EL ENCANTO RESIDENCIAL,EL ENCANTO RESIDENCIAL
EL ESPLENDOR,EL ESPLENDOR
EL ESPLENDOR 2,EL ESPLENDOR 2
EL ESPLENDOR II,EL ESPLENDOR II
EL ESPLENDOR III,EL ESPLENDOR III
EL FUNDADOR,EL FUNDADOR
EL GAVILAN,EL GAVILAN
EL GUAYACAN,EL GUAYACAN
EL GUAYPARIN (SAN CARLOS),EL GUAYPARIN (SAN CARLOS)
EL JABALI,EL JABALI
EL JITO,EL JITO
EL LLANITO,EL LLANITO
EL LLANO,EL LLANO
EL MALECON,EL MALECÓN
EL MALECÓN,EL MALECÓN
EL MARIACHI,EL MARIACHI
EL MEZQUITAL DEL ORO (EL AGUILA),EL MEZQUITAL DEL ORO (EL AGUILA)
EL MEZQUITE,EL MEZQUITE
EL MIRADOR,EL MIRADOR
EL MODELO,EL MODELO
EL MOLINO (LOCALIDAD RURAL),EL MOLINO (LOCALIDAD RURAL)
EL MOLINO DE CAMOU,EL MOLINO DE CAMOU
EL NOGAL,EL NOGAL
EL OCOTILLO [FRACCIONAMIENTO],EL OCOTILLO [FRACCIONAMIENTO]
EL OREGANO,EL OREGANO
EL PALOMAR,EL PALOMAR
EL PAPALOTE,EL PAPALOTE
EL PAÑUELITO,EL PAÑUELITO
EL PEDERNAL TRES,EL PEDERNAL TRES
EL PEPACHE (FRANCISCO QUIROGA),EL PEPACHE (FRANCISCO QUIROGA)
EL PINACATE II,EL PINACATE II
EL PORVENIR,EL PORVENIR
EL PROGRESO,EL PROGRESO
EL PUEBLITO,EL PUEBLITO
EL QUEMADO,EL QUEMADO
EL RANCHITO,EL RANCHITO
EL RANCHITO (LOCALIDAD RURAL),EL RANCHITO (LOCALIDAD RURAL)
EL RANCHO (FRANCISCO SALIDO ROCHI),EL RANCHO (FRANCISCO SALIDO ROCHI)
EL REAL DEL CATORCE,EL REAL DEL CATORCE
EL REALENGO,EL REALENGO
EL REALITO,EL REALITO
EL RECODO,EL RECODO
EL REPRESITO DEL PADRE,EL REPRESITO DEL PADRE
EL REPRESO,EL REPRESO
EL RETIRO,EL RETIRO
EL ROSARIO,EL ROSARIO
EL SAHUARITO,EL SAHUARITO
EL SAHUARO,EL SAHUARO
EL SAPO,EL SAPO
EL SAUCITO,EL SAUCITO
EL SAUCITO 2,EL SAUCITO 2
EL SAUCITO DE ENMEDIO,EL SAUCITO DE ENMEDIO
EL SECRETO,EL SECRETO
EL SOCORRO,EL SOCORRO
EL SOCORRO (LOCALIDAD RURAL),EL SOCORRO (LOCALIDAD RURAL)
EL SOLITO (EL RELAX),EL SOLITO (EL RELAX)
EL SONOT,EL SONOT
EL TALAYOTE,EL TALAYOTE
EL TAZAJAL,EL TAZAJAL
EL TERRENO,EL TERRENO
EL TIJERITO,EL TIJERITO
EL TIJERITO (LOCALIDAD RURAL,EL TIJERITO (LOCALIDAD RURAL
EL TOJUNGO SUR,EL TOJUNGO SUR
EL TOPE,EL TOPE
EL TORREON,EL TORREON
EL TRIUNFITO,EL TRIUNFITO
EL TRIUNFO,EL TRIUNFO
EL TRIUNFO (LOCALIDAD RURAL),EL TRIUNFO (LOCALIDAD RURAL)
EL TRONCONAL,EL TRONCONAL
EL VEINTE (LA PEAÑA),EL VEINTE (LA PEAÑA)
EL ZACATON,EL ZACATON
EL ZACATÓN,EL ZACATON
EMILIANO ZAPATA,EMILIANO ZAPATA
EMILIANO ZAPATA (LOCALIDAD RURAL),EMILIANO ZAPATA (LOCALIDAD RURAL)
EN LA INVASION 3 REYNAS,EN LA INVASION 3 REYNAS
EN LAS PALMITAS,EN LAS PALMITAS
ENCINAS (JOEL ENCINAS) [RANCHO],ENCINAS (JOEL ENCINAS) [RANCHO]
ENCINOS 2,ENCINOS 2
ENGORDA CAMPO NUEVO,ENGORDA CAMPO NUEVO
EQUIPAMIENTO EDUCATIVO,EQUIPAMIENTO EDUCATIVO
ESMERALDA,ESMERALDA
ESMERALDA RESIDENCIAL,ESMERALDA RESIDENCIAL
ESPERANZA,ESPERANZA
ESPLENDOR,ESPLENDOR
ESPLENDOR 3 ETAPA,ESPLENDOR 3 ETAPA
ESPLENDOR TRES,ESPLENDOR TRES
ESTACION ZAMORA,ESTACION ZAMORA
ESTACIÓN ZAMORA,ESTACION ZAMORA
ESTADIO NUEVO SONORA,ESTADIO NUEVO SONORA
ESTADIO SONORA,ESTADIO SONORA
ESTANSA RESIDENCIAL,ESTANSA RESIDENCIAL
ESTANZA,ESTANZA
ESTANZA FLORECIA,ESTANZA FLORECIA
ESTANZA FLORENZA,ESTANZA FLORENZA
ESTANZA SECCION TORREALBA,ESTANZA SECCION TORREALBA
ESTAUS,ESTAUS
EUSEBIO KINO,EUSEBIO KINO
EUSEBIO KINO-ISSSTESON,EUSEBIO KINO-ISSSTESON
EXT. COLOSIO,EXT. COLOSIO
EXTENCION 4 DE MARZO,EXTENCION 4 DE MARZO
FEROCARRILERA,FEROCARRILERA
FERROCARRILERA,FERROCARRILERA
FIRENZE,FIRENZE
FIRENZE RESIDENCIAL,FIRENZE RESIDENCIAL
FLAMINGOS,FLAMINGOS
FLORENSA RESIDENCIAL,FLORENSA RESIDENCIAL
FLORENZA RESIDENCIAL,FLORENSA RESIDENCIAL
FLORES MAGON,FLORES MAGON
FLORESTA,FLORESTA
FLORESTA RESIDENCIAL,FLORENSA RESIDENCIAL
FLORESTA SECC. VILLA SAUCES,FLORESTA SECC. VILLA SAUCES
"FLORESTA SECCION ""VILLA CIRUELOS""","FLORESTA SECCION ""VILLA CIRUELOS"""
FLORESTA SECCION CIPRES,FLORESTA SECCION CIPRES
FLORESTA SECCION SAUCES,FLORESTA SECCION SAUCES
FLORESTA SECCION VILLA ALMENDRAS,FLORESTA SECCION VILLA ALMENDRAS
FLORESTA VILLA ALMENDRAS,FLORESTA VILLA ALMENDRAS
FLORESTA VILLA CIPRECES,FLORESTA VILLA CIPRECES
FLORESTA VILLA CIRUELOS,FLORESTA VILLA CIRUELOS
FLORESTA VILLA FRESNOS,FLORESTA VILLA FRESNOS
FONAPO,FONAPO
FONHAPO,FONHAPO
FOVISSSTE,FOVISSSTE
FRAC. TOPACIO,FRAC. TOPACIO
FRACC HACIENDAS,FRACC HACIENDAS
FRACC SANTA CLARA,FRACC SANTA CLARA
FRACC SEDONA,FRACC SEDONA
FRACC. CANTERAS,FRACC. CANTERAS
FRACC. CARDENO RESIDENCIAL,FRACC. CARDENO RESIDENCIAL
FRACC. DE LA CAPILLA,FRACC. DE LA CAPILLA
FRACC. ESTANZA FLORENZA,FRACC. ESTANZA FLORENZA
FRACC. LA CAÑADA,FRACC. LA CAÑADA
FRACC. PASEO DEL CID,FRACC. PASEO DEL CID
FRACC. RETORNO DE LA MISION,FRACC. RETORNO DE LA MISION
FRACC. URBI VILLA DEL CEDRO,FRACC. URBI VILLA DEL CEDRO
FRACC. URBIVILLA CAMPESTRE,FRACC. URBIVILLA CAMPESTRE
FRACC. VILLAS ROMANZA,FRACC. VILLAS ROMANZA
FRACC. VISTA REAL,FRACC. VISTA REAL
FRACC.DALLAS RESIDENCIAL,FRACC.DALLAS RESIDENCIAL
FRACC.SANTA ANITA,FRACC.SANTA ANITA
FRACC: RIO DE PLATA,FRACC: RIO DE PLATA
FRACCIONAMIENTO ALONDRAS,FRACCIONAMIENTO ALONDRAS
FRACCIONAMIENTO BELLA VISTA,FRACCIONAMIENTO BELLA VISTA
FRACCIONAMIENTO BONANZA,FRACCIONAMIENTO BONANZA
FRACCIONAMIENTO CAMPESTRE LA COLMENA,FRACCIONAMIENTO CAMPESTRE LA COLMENA
FRACCIONAMIENTO CAMPESTRE LAS GRANJAS,FRACCIONAMIENTO CAMPESTRE LAS GRANJAS
FRACCIONAMIENTO CASA REAL,FRACCIONAMIENTO CASA REAL
FRACCIONAMIENTO CASTELLINA,FRACCIONAMIENTO CASTELLINA
FRACCIONAMIENTO CHULA VISTA,FRACCIONAMIENTO CHULA VISTA
FRACCIONAMIENTO COLINAS DEL VALLE,FRACCIONAMIENTO COLINAS DEL VALLE
FRACCIONAMIENTO COSTA DEL SOL,FRACCIONAMIENTO COSTA DEL SOL
FRACCIONAMIENTO CUAUHTEMOC,FRACCIONAMIENTO CUAUHTEMOC
FRACCIONAMIENTO DE LAS VEREDAS,FRACCIONAMIENTO DE LAS VEREDAS
FRACCIONAMIENTO EL CHAPARRAL,FRACCIONAMIENTO EL CHAPARRAL
FRACCIONAMIENTO EL DORADO,FRACCIONAMIENTO EL DORADO
FRACCIONAMIENTO EL PORVENIR,FRACCIONAMIENTO EL PORVENIR
FRACCIONAMIENTO EMPERADOR,FRACCIONAMIENTO EMPERADOR
FRACCIONAMIENTO ESMERALDA,FRACCIONAMIENTO ESMERALDA
FRACCIONAMIENTO FLORESTA,FRACCIONAMIENTO FLORESTA
FRACCIONAMIENTO GIRASOLES,FRACCIONAMIENTO GIRASOLES
FRACCIONAMIENTO LA CARIDAD,FRACCIONAMIENTO LA CARIDAD
FRACCIONAMIENTO LA JOYA,FRACCIONAMIENTO LA JOYA
FRACCIONAMIENTO LAS CARRETAS,FRACCIONAMIENTO LAS CARRETAS
FRACCIONAMIENTO LAS LOMAS,FRACCIONAMIENTO LAS LOMAS
FRACCIONAMIENTO LAS PRADERAS,FRACCIONAMIENTO LAS PRADERAS
FRACCIONAMIENTO LAS RIBERAS SECCION VILLA ALICANTO,FRACCIONAMIENTO LAS RIBERAS SECCION VILLA ALICANTO
FRACCIONAMIENTO MIRAMONTES,FRACCIONAMIENTO MIRAMONTES
FRACCIONAMIENTO MONTECARLO,FRACCIONAMIENTO MONTECARLO
FRACCIONAMIENTO NATURA RUBA,FRACCIONAMIENTO NATURA RUBA
FRACCIONAMIENTO OASIS SANTA FE,FRACCIONAMIENTO OASIS SANTA FE
FRACCIONAMIENTO OASIS SOLERA,FRACCIONAMIENTO OASIS SOLERA
FRACCIONAMIENTO PALMEIRA,FRACCIONAMIENTO PALMEIRA
FRACCIONAMIENTO PARQUE INDUSTRIAL,FRACCIONAMIENTO PARQUE INDUSTRIAL
FRACCIONAMIENTO PILARES,FRACCIONAMIENTO PILARES
FRACCIONAMIENTO POTRERO DE BUSHARD,FRACCIONAMIENTO POTRERO DE BUSHARD
FRACCIONAMIENTO PRIMAVERA,FRACCIONAMIENTO PRIMAVERA
FRACCIONAMIENTO RANCHO GRANDE,FRACCIONAMIENTO RANCHO GRANDE
FRACCIONAMIENTO RÍO BONITO,FRACCIONAMIENTO RÍO BONITO
FRACCIONAMIENTO SAN DIEGO,FRACCIONAMIENTO SAN DIEGO
FRACCIONAMIENTO SAN FRANCISCO,FRACCIONAMIENTO SAN FRANCISCO
FRACCIONAMIENTO SAN GERMAN,FRACCIONAMIENTO SAN GERMAN
FRACCIONAMIENTO SAN ISIDRO,FRACCIONAMIENTO SAN ISIDRO
FRACCIONAMIENTO SAN JAVIER,FRACCIONAMIENTO SAN JAVIER
FRACCIONAMIENTO SAN LORENZO,FRACCIONAMIENTO SAN LORENZO
FRACCIONAMIENTO SAN MARCOS,FRACCIONAMIENTO SAN MARCOS
FRACCIONAMIENTO SAN PABLO,FRACCIONAMIENTO SAN PABLO
FRACCIONAMIENTO SAN RAFAEL,FRACCIONAMIENTO SAN RAFAEL
FRACCIONAMIENTO STAUS,FRACCIONAMIENTO STAUS
FRACCIONAMIENTO TERRANOVA,FRACCIONAMIENTO TERRANOVA
FRACCIONAMIENTO TIERRA NUEVA,FRACCIONAMIENTO TIERRA NUEVA
FRACCIONAMIENTO VELAS,FRACCIONAMIENTO VELAS
FRACCIONAMIENTO VILLA DORADA,FRACCIONAMIENTO VILLA DORADA
FRACCIONAMIENTO VILLAS DEL SUR,FRACCIONAMIENTO VILLAS DEL SUR
FRACCIONAMIENTOBUENA VISTA,FRACCIONAMIENTOBUENA VISTA
FRACCIONAMIENTOLOS ANGELES,FRACCIONAMIENTOLOS ANGELES
FRACIONAMIENTO LAS VILLAS DEL NOGAL,FRACIONAMIENTO LAS VILLAS DEL NOGAL
FRANCISCO E. KINO ISSSTESON,FRANCISCO E. KINO ISSSTESON
FRANCISCO EUSEBIO KINO,FRANCISCO EUSEBIO KINO
FRANCISCO ROMERO,FRANCISCO ROMERO
FRANCISCO ROMERO (INVACION ),FRANCISCO ROMERO (INVACION )
FRANCISCO VILLA,FRANCISCO VILLA
FRANSICO ROMERO,FRANSICO ROMERO
FRESNO RESIDENCIAL,FRESNO RESIDENCIAL
FRESNOS ALAMEDA,FRESNOS ALAMEDA
FRUCTUOSO MENDEZ,FRUCTUOSO MENDEZ
FUENTE  DE PIEDRA,FUENTE  DE PIEDRA
FUENTE CIBELES,FUENTE CIBELES
FUENTE DANZANTE,FUENTE DANZANTE
FUENTE DE PIEDRA,FUENTE  DE PIEDRA
FUENTES DE MEZQUITAL,FUENTES DEL MEZQUITAL
FUENTES DEL CENTENARIO,FUENTES DEL CENTENARIO
FUENTES DEL MEZQUITAL,FUENTES DEL MEZQUITAL
GABY PEREDA I,GABY PEREDA I
GABY PEREDA II,GABY PEREDA II
GABY PEREYRA,GABY PEREYRA
GALA,GALA
GALA  3,GALA 3
GALA 2,GALA 2
GALA 3,GALA 3
GALA II,GALA II
GALA III,GALA III
GALA RESIDENCIAL,GALA RESIDENCIAL
GANADERA CONTRERAS,GANADERA CONTRERAS
GANADERA GAPA,GANADERA GAPA
GENOVA RESIDENCIAL,GENOVA RESIDENCIAL
GIRASOLES,GIRASOLES
GRANJA GUADALUPE,GRANJA GUADALUPE
GRANJA PECUARIA #7,GRANJA PECUARIA #7
GRANJA SANTA RAQUEL,GRANJA SANTA RAQUEL
GRANJAS,GRANJAS
GUADALUPE VICTORIA,GUADALUPE VICTORIA
GUAYACAN,GUAYACAN
GUERRERO,GUERRERO
H. AYUNTAMIENTO,H. AYUNTAMIENTO
HACIENDA DE LA FLOR,HACIENDA DE LA FLOR
HACIENDA DE LOS TESOROS,HACIENDA LOS TESOROS
HACIENDA DEL SOL,HACIENDA DEL SOL
HACIENDA EL ANGAR,HACIENDA EL ANGAR
HACIENDA EL CERRITO,HACIENDA EL CERRITO
HACIENDA LAS MINITAS,HACIENDA LAS MINITAS
HACIENDA LAS PLACITAS,HACIENDA LAS PLACITAS
HACIENDA LOS ALCATRACES,HACIENDA LOS ALCATRACES
HACIENDA LOS LIRIOS,HACIENDA LOS LIRIOS
HACIENDA LOS TESOROS,HACIENDA LOS TESOROS
HACIENDA LOS TESOROS [FRACCIONAMIENTO],HACIENDA LOS TESOROS [FRACCIONAMIENTO]
HACIENDA RESIDENCIAL,HACIENDA RESIDENCIAL
HACIENDA RESIDENCIAL CONDOMINAL,HACIENDA RESIDENCIAL CONDOMINAL
HACIENDA SAN MIGUEL,HACIENDA SAN MIGUEL
HACIENDAS,HACIENDAS
HACIENDAS CAMPESTRE,HACIENDAS CAMPESTRE
HACIENDAS DE LA FLOR,HACIENDA DE LA FLOR
HACIENDAS DEL SUR,HACIENDAS DEL SUR
HACIENDAS LOS FRESNOS,HACIENDAS LOS FRESNOS
HACIENDAS REAL DEL 14,HACIENDAS REAL DEL 14
HACIENDAS RESIDENCIAL,HACIENDA RESIDENCIAL
HEBERTO CASTILLO,HEBERTO CASTILLO
HECTOR FRANCISCO ROMERO,HECTOR FRANCISCO ROMERO
HECTOR FRANCISCO ROMERO ETAPA II,HECTOR FRANCISCO ROMERO ETAPA II
HEMA-NOVINA,HEMA-NOVINA
HERMOSA PROVINCIA,HERMOSA PROVINCIA
HERMOSILLO,HERMOSILLO
HERMOSILLO CENTRO,HERMOSILLO CENTRO
HIPICO,HIPICO
HOPE LAS BRISAS [CLINICA],HOPE LAS BRISAS [CLINICA]
HOYO DE BONILLAS,HOYO DE BONILLAS
HUAREQUI,HUAREQUI
HUMBERTO GUTIERRES (LAS CUEVITAS),HUMBERTO GUTIERRES (LAS CUEVITAS)
HUMBERTO GUTIERREZ,HUMBERTO GUTIERREZ
HUMBERTO GUTIERREZ CORONA,HUMBERTO GUTIERREZ CORONA
INALAMBRICA,INALAMBRICA
INAVSION LAS COSECHAS,INAVSION LAS COSECHAS
INDECO CENTENARIO,INDECO CENTENARIO
INFONAVIT,INFONAVIT
INN. TRES REYNAS,INN. TRES REYNAS
INSURGENTES,INSURGENTES
INSURGENTES (MIGUEL ALEMAN),INSURGENTES (MIGUEL ALEMAN)
INTERNACIONAL,INTERNACIONAL
INV 3 REYES,INV 3 REYES
INV COYOACAN,INV COYOACAN
INV LA COSECHA,INV LA COSECHA
INV. ADOLFO LOPEZ DE LA HUERTA,INV. ADOLFO LOPEZ DE LA HUERTA
INV. MAQUENAS,INV. MAQUENAS
INV. NUEVO HORIZONTE,INV. NUEVO HORIZONTE
INV. PLUTARCO ELIAS CALLE,INV. PLUTARCO ELIAS CALLE
INV. PROLONGACION RANCHITO,INV. PROLONGACION RANCHITO
INV. TEPITO,INV. TEPITO
INV. TRES REINAS,INV. TRES REINAS
INVACION ANTORCHA,INVACION ANTORCHA
INVACION INSURGENTES 4 ETAPA,INVACION INSURGENTES 4 ETAPA
INVACION LOS LIRIOS O TEPITO,INVACION LOS LIRIOS O TEPITO
INVACION NUEVO SONORA,INVACION NUEVO SONORA
INVACION SAMUEL RIO VARELA,INVACION SAMUEL RIO VARELA
INVASIN ALTARES,INVASION ALTARES
INVASION 3 REYES,INVASION 3 REYES
INVASION 3 REYNAS III,INVASION 3 REYNAS III
INVASION ADOLFO DE LA HUERTA,INVASION ADOLFO DE LA HUERTA
INVASION ADOLFO LOPEZ MATEOS,INVASION ADOLFO LOPEZ MATEOS
INVASION ALCATRACES,INVASION ALCATRACES
INVASION ALTARES,INVASION ALTARES
INVASION ALTARES 3,INVASION ALTARES 3
INVASION COLOSIO,INVASION COLOSIO
INVASION EL MIRADOR,INVASION EL MIRADOR
INVASION EL RANCHITO,INVASION EL RANCHITO
INVASION GUAYACAN,INVASION GUAYACAN
INVASION LA ANTORCHA,INVASION LA ANTORCHA
INVASION LAS 3 REYNAS,INVASION LAS 3 REYNAS
INVASION LAS PEREDAS 2,INVASION LAS PEREDAS 2
INVASION LAS PEREDAS 3,INVASION LAS PEREDAS 3
INVASION MIGUEL VALENCIA,INVASION MIGUEL VALENCIA
INVASION NUEVO SONORA,INVACION NUEVO SONORA
INVASION NUVA ILUSION,INVASION NUVA ILUSION
INVASION PLUTARCO ELIAS CALLES,INVASION PLUTARCO ELIAS CALLES
INVASION REALENGO,INVASION REALENGO
INVASION SAN LUIS,INVASION SAN LUIS
INVASION VILLA BONITA,INVASION VILLA BONITA
INVASIÓN EL CHAPARRAL,INVASIÓN EL CHAPARRAL
INVASIÓN EL MIRADOR,INVASION EL MIRADOR
IRRIGACION,IRRIGACION
ISDAMAR,ISDAMAR
ISSSTE,ISSSTE
ISSSTE FEDERAL,ISSSTE FEDERAL
ISSSTESON CENTENARIO,ISSSTESON CENTENARIO
ISSSTESON CENTENARIO LUX,ISSSTESON CENTENARIO LUX
ISSSTESON COLEGIO LUX,ISSSTESON COLEGIO LUX
ISSSTESON NORTE,ISSSTESON NORTE
IXPALIA,IXPALIA
JACARANDAS,JACARANDAS
JACINTO LOPEZ,JACINTO LOPEZ
JACINTO LOPEZ (LA GALERA),JACINTO LOPEZ (LA GALERA)
JACINTO LÓPEZ (LA GALERA),JACINTO LOPEZ (LA GALERA)
JARDINES,JARDINES
JARDINES DE MONACO,JARDINES DE MÓNACO
JARDINES DE MÓNACO,JARDINES DE MÓNACO
JARDINES DEL PARAISO,JARDINES DEL PARAISO
JEREZ DEL VALLE,JEREZ DEL VALLE
JESUS GARCIA,JESUS GARCIA
JESUS GARCIA (FRACCIONAMIENTO),JESUS GARCIA (FRACCIONAMIENTO)
JESUS GARCIA II,JESUS GARCIA II
JESUS VEGA,JESUS VEGA
JESUS VEGA AGUILAR,JESUS VEGA AGUILAR
JESÚS GARCIA,JESUS GARCIA
JOB GAXIOLA,JOB GAXIOLA
JORGE VALDEZ JIULLERAT,JORGE VALDEZ JIULLERAT
JORGE VALDEZ MUNOZ,JORGE VALDEZ MUÑOZ
JORGE VALDEZ MUÑOZ,JORGE VALDEZ MUÑOZ
JOSE LOPEZ PORTILLO,JOSE LOPEZ PORTILLO
JOSEFINA DOS,JOSEFINA DOS
JOYAS DEL BACHOCO,JOYAS DEL BACHOCO
KILOMETRO 223,KILOMETRO 223
KILOMETRO CUARENTA Y CUATRO,KILOMETRO CUARENTA Y CUATRO
KINO,KINO
KINO BAY ESTATES,KINO BAY ESTATES
KINO NUEVO,KINO NUEVO
KINO VIEJO,KINO VIEJO
KOWI (SANTA ISABEL),KOWI (SANTA ISABEL)
L LA ANTORCHA,L LA ANTORCHA
LA ALAMEDA,LA ALAMEDA
LA ANTORCHA,LA ANTORCHA
LA ANTORCHA 2,LA ANTORCHA 2
LA ANTORCHA CAMPESINA,LA ANTORCHA CAMPESINA
LA ATLANTIDA,LA ATLANTIDA
LA AURORA,LA AURORA
LA BASE (LOS HOYOS),LA BASE (LOS HOYOS)
LA BURA,LA BURA
LA CABAÑA DEL MOCHOMO,LA CABAÑA DEL MOCHOMO
LA CAMPANA,LA CAMPANA
LA CAMPINA,LA CAMPIÑA
"LA CAMPINA II, III, IV, V","LA CAMPINA II, III, IV, V"
LA CAMPINA III IV Y V ETAPAS,LA CAMPINA III IV Y V ETAPAS
LA CAMPINA SECC GIRASOLES,LA CAMPINA SECC GIRASOLES
LA CAMPINA SECCION GIRASOLES,LA CAMPINA SECC GIRASOLES
LA CAMPIÑA,LA CAMPIÑA
"LA CAMPIÑA II, III, IV, V","LA CAMPINA II, III, IV, V"
LA CAMPIÑA III IV Y V ETAPAS,LA CAMPINA III IV Y V ETAPAS
LA CARIDAD,LA CARIDAD
LA CASCABEL,LA CASCABEL
LA CAÑADA,LA CAÑADA
LA CHIRA,LA CHIRA
LA CHOLLA,LA CHOLLA
LA CHOYA,LA CHOYA
LA CIMA,LA CIMA
LA CIMA II,LA CIMA II
LA CIMA SECCION II,LA CIMA SECCION II
LA CIMA2,LA CIMA2
LA COLLA,LA COLLA
LA COLMENA (POZO CUATRO) [HUERTA],LA COLMENA (POZO CUATRO) [HUERTA]
LA COLORADA,LA COLORADA
LA CORUBA,LA CORUBA
LA CORUÑA RESIDENCIAL,LA CORUÑA RESIDENCIAL
LA CORUÑA SECCION PRIVADA ORZAN,LA CORUÑA SECCION PRIVADA ORZAN
LA COSECHA,LA COSECHA
LA COSECHA NORTE,LA COSECHA NORTE
LA COYOTA (LA COYOTITA),LA COYOTA (LA COYOTITA)
LA CRUZ,LA CRUZ
LA CUATRO OLIVOS,LA CUATRO OLIVOS
LA CUESTA (POZO DOS) [VIÑEDO],LA CUESTA (POZO DOS) [VIÑEDO]
LA CURVA,LA CURVA
LA ENCANTADA,LA ENCANTADA
LA ENCANTADA PRIVADA ALEBRIJES,LA ENCANTADA PRIVADA ALEBRIJES
LA ENCANTADA PRIVADA AZULEJOS,LA ENCANTADA PRIVADA AZULEJOS
LA ENCANTADA PRIVADA LEYENDAS,LA ENCANTADA PRIVADA LEYENDAS
LA ENCANTADA RESIDENCIAL,LA ENCANTADA RESIDENCIAL
LA ESCONDIDA (LOCALIDAD RURAL),LA ESCONDIDA (LOCALIDAD RURAL)
LA FINCA,LA FINCA
LA FLORESTA,LA FLORESTA
LA FLORESTA SECC CEIBA,LA FLORESTA SECC CEIBA
LA FLORESTA SECC CIRUELOS,LA FLORESTA SECC CIRUELOS
LA FLORESTA SECC VILLA FRESNOS,LA FLORESTA SECC VILLA FRESNOS
LA FLORIDA [VIÑEDO],LA FLORIDA [VIÑEDO]
LA FRANJA,LA FRANJA
LA FUENTE DE LA JUVENTUD,LA FUENTE DE LA JUVENTUD
LA GALERA,LA GALERA
LA GLORIA,LA GLORIA
LA GRANJA LOPEZ,LA GRANJA LOPEZ
LA HABANA NUMERO DOS,LA HABANA NUMERO DOS
LA HABANA NUMERO UNO,LA HABANA NUMERO UNO
LA HABANA TRES,LA HABANA TRES
LA HABANA [ESTABLO],LA HABANA [ESTABLO]
LA HABANA [PORCICOLA Y AVICOLA],LA HABANA [PORCICOLA Y AVICOLA]
LA HANTORCHA,LA HANTORCHA
LA HERRADURA,LA HERRADURA
LA HERRADURA [CAMPESTRE],LA HERRADURA [CAMPESTRE]
LA HUERTA,LA HUERTA
LA INES,LA INES
LA INTERNACIONAL,LA INTERNACIONAL
LA JOLLA,LA JOLLA
LA JOLLA SECCION VILLA DE LOS DIAMANTES,LA JOLLA SECCION VILLA DE LOS DIAMANTES
LA JOLLA SECCION VILLA TURQUESA,LA JOLLA SECCION VILLA TURQUESA
LA JOYA,LA JOYA
LA JOYA I VILLAS DE LOS ZAFIROS,LA JOYA I VILLAS DE LOS ZAFIROS
LA JOYA VILLA DE LAS ESMERALDAS,LA JOYA VILLA DE LAS ESMERALDAS
LA JOYA VILLA DE LOS DIAMANTES,LA JOYA VILLA DE LOS DIAMANTES
LA LABOR,LA LABOR
LA LENGUETA,LA LENGÜETA
LA LENGÜETA,LA LENGÜETA
LA LOMA,LA LOMA
LA MANGA,LA MANGA
LA MANGA (LOCALIDAD RURAL),LA MANGA (LOCALIDAD RURAL)
LA MARQUEZA,LA MARQUEZA
LA MATANZA,LA MATANZA
LA METALERA,LA METALERA
LA MINITAS,LAS MINITAS
LA MISION,LA MISION
LA MORENA DOS,LA MORENA DOS
LA MOSCA,LA MOSCA
LA MOSQUITA [FRANCISCO MOLINA],LA MOSQUITA [FRANCISCO MOLINA]
LA NAVIDAD,LA NAVIDAD
LA NORIA,LA NORIA
LA NUEVA VICTORIA,LA NUEVA VICTORIA
LA OREJANA,LA OREJANA
LA PALAPA,LA PALAPA
LA PALMA,LA PALMA
LA PALMA (LOCALIDAD RURAL),LA PALMA (LOCALIDAD RURAL)
LA PALOMA,LA PALOMA
LA PALOMA (RANCHO),LA PALOMA (RANCHO)
LA PALOMA RESIDENCIAL 4,LA PALOMA RESIDENCIAL 4
LA PALOMA RESIDENCIAL I,LA PALOMA RESIDENCIAL I
LA PALOMA RESIDENCIAL II,LA PALOMA RESIDENCIAL II
LA PEAÑA,LA PEAÑA
LA PEAÑA,LA PEAÑA
LA PEAÑA NUEVA,LA PEAÑA NUEVA
LA PERSEVERANCIA (LOS FUMICOS),LA PERSEVERANCIA (LOS FUMICOS)
LA PEÑA,LA PEÑA
LA PINTADA [RESTAURANTE],LA PINTADA [RESTAURANTE]
LA POMONA,LA POMONA
LA PONDEROSA,LA PONDEROSA
LA POZA (BLOQUERA),LA POZA (BLOQUERA)
LA PRADERA,LA PRADERA
LA PRIMAVERA,LA PRIMAVERA
LA PROVIDENCIA,LA PROVIDENCIA
LA REFORMA,LA REFORMA
LA REFORMA (RANCHERIA),LA REFORMA (RANCHERIA)
LA RESOLANA,LA RESOLANA
LA REYNA,LA REYNA
LA RIOJA,LA RIOJA
LA RIOJA NORTE,LA RIOJA NORTE
LA RIOJA RESIDENCIAL,LA RIOJA RESIDENCIAL
LA ROSILLA [RANCHO],LA ROSILLA [RANCHO]
LA ROSILLITA DEL CHINO,LA ROSILLITA DEL CHINO
LA TRACALA,LA TRACALA
LA TRINIDAD,LA TRINIDAD
LA VALENCIANA (LA PEAÑA),LA VALENCIANA (LA PEAÑA)
LA VEBENA,LA VEBENA
LA VENTANA,LA VENTANA
LA VENTANA SECC. LA REJA,LA VENTANA SECC. LA REJA
LA VENTANITA,LA VENTANITA
LA VERBENA,LA VERBENA
LA VERBENA SECCION ASTURIAS I ETAPA,LA VERBENA SECCION ASTURIAS I ETAPA
LA VERBENA SECCION ASTURIAS II ETAPA,LA VERBENA SECCION ASTURIAS I ETAPA
LA VERBENEA,LA VERBENEA
LA VICTORIA,LA VICTORIA
LA VICTORIA (FRANCISCO QUIROGA) [ESTABLO],LA VICTORIA (FRANCISCO QUIROGA) [ESTABLO]
LA VICTORIA (LA CRINOLINA) [CORRALES],LA VICTORIA (LA CRINOLINA) [CORRALES]
LA VICTORIA (NUEVACREACION),LA VICTORIA (NUEVACREACION)
LA VICTORIA COLONIA PUNTA BELLA,LA VICTORIA COLONIA PUNTA BELLA
LA YESCA,LA YESCA
LA YUTA,LA YUTA
LADRILLERA,LADRILLERA
LADRILLERAS,LADRILLERAS
LARVAS GENESIS,LARVAS GENESIS
LAS ACACIAS,LAS ACACIAS
LAS ALAMEDAS,LAS ALAMEDAS
LAS ALBERCAS [CAMPESTRE],LAS ALBERCAS [CAMPESTRE]
LAS ARBOLEDAS,LAS ARBOLEDAS
LAS AVES,LAS AVES
LAS CARRETAS,LAS CARRETAS
LAS COLINAS,LAS COLINAS
LAS COSECHAS,LAS COSECHAS
LAS CUEVAS,LAS CUEVAS
LAS CUEVITAS,LAS CUEVITAS
LAS DILIGENCIAS,LAS DILIGENCIAS
LAS DOS MARIAS,LAS DOS MARÍAS
LAS DOS MARÍAS,LAS DOS MARÍAS
LAS FLORES,LAS FLORES
LAS FUENTES,LAS FUENTES
LAS GLORIAS,LAS GLORIAS
LAS GRANJAS,LAS GRANJAS
LAS HACIENDAS,LAS HACIENDAS
LAS HACIENDAS RESIDENCIAL,LAS HACIENDAS RESIDENCIAL
LAS HUERTITAS,LAS HUERTITAS
LAS ISABELES,LAS ISABELES
LAS L OMAS,LAS L OMAS
LAS LADRILLERAS,LAS LADRILLERAS
LAS LOMAS,LAS LOMAS
LAS LOMAS DE CORTES,LAS LOMAS DE CORTES
LAS LOMAS DE PITIC,LAS LOMAS DEL PITIC
LAS LOMAS DEL MIRADOR,LAS LOMAS DEL MIRADOR
LAS LOMAS DEL PITIC,LAS LOMAS DEL PITIC
LAS LOMAS DEL SOL,LAS LOMAS DEL SOL
LAS LOMAS DEL SUR,LAS LOMAS DEL SUR
LAS LOMAS DUMAS,LAS LOMAS DUMAS
LAS LOMAS ETAPA 2,LAS LOMAS ETAPA 2
LAS LOMAS PRIVADA DEL BOSQUE,LAS LOMAS PRIVADA DEL BOSQUE
LAS LOMAS PRIVADA LAS LOMAS,LAS LOMAS PRIVADA LAS LOMAS
LAS LOMAS REAL DEL PARQUE,LAS LOMAS REAL DEL PARQUE
LAS LOMAS SECC ALMENDROS,LAS LOMAS SECC ALMENDROS
LAS LOMAS SECC BONITA,LAS LOMAS SECC. BONITA
LAS LOMAS SECC BONITA 1,LAS LOMAS SECC BONITA 1
LAS LOMAS SECC CASTANOS,LAS LOMAS SECC CASTANOS
LAS LOMAS SECC CASTAÑOS,LAS LOMAS SECC CASTANOS
LAS LOMAS SECC LOS MANZANOS,LAS LOMAS SECCION LOS MANZANOS
LAS LOMAS SECC. BONITA,LAS LOMAS SECC. BONITA
LAS LOMAS SECC. SEC,LAS LOMAS SECC. SEC
LAS LOMAS SECCION BONITA,LAS LOMAS SECC. BONITA
LAS LOMAS SECCION BONITA 2,LAS LOMAS SECCION BONITA 2
LAS LOMAS SECCION LOS MANZANOS,LAS LOMAS SECCION LOS MANZANOS
LAS LOMAS SECCION PARAISO,LAS LOMAS SECCION PARAISO
LAS LOMAS SECCIÓN BONITA,LAS LOMAS SECCIÓN BONITA
LAS LOMAS SECCIÓN CASTAÑOS,LAS LOMAS SECCIÓN CASTAÑOS
LAS LOMAS SECCIÓN EL PARAÍSO,LAS LOMAS SECCIÓN EL PARAÍSO
LAS LOMAS SECCIÓN LOS MANZANOS,LAS LOMAS SECCIÓN LOS MANZANOS
LAS LOMAS SECCIÓN SEC,LAS LOMAS SECCIÓN SEC
LAS MERCEDITAS (AGRONUTS),LAS MERCEDITAS (AGRONUTS)
LAS MILPAS (LOCALIDAD RURAL),LAS MILPAS (LOCALIDAD RURAL)
LAS MINITAS,LAS MINITAS
LAS PALMAS,LAS PALMAS
LAS PALMAS (MIGUEL ALEMAN),LAS PALMAS (MIGUEL ALEMAN)
LAS PALMAS (VILLA),LAS PALMAS (VILLA)
LAS PALOMAS,LAS PALOMAS
LAS PEREDAS,LAS PEREDAS
LAS PEREDAS (GABY PEREDA I),LAS PEREDAS (GABY PEREDA I)
LAS PEREDAS 2,LAS PEREDAS 2
LAS PICHONERAS,LAS PICHONERAS
LAS PILAS,LAS PILAS
LAS PLACITAS,LAS PLACITAS
LAS PLACITAS SECC. II,LAS PLACITAS SECC. II
LAS PLASITAS PRIMERAS,LAS PLASITAS PRIMERAS
LAS PLAZAS,LAS PLAZAS
LAS PRADERAS,LAS PRADERAS
LAS PRADERAS DEL VALLE,LAS PRADERAS DEL VALLE
LAS PRADERAS IV,LAS PRADERAS IV
LAS PRADERAS NORTE,LAS PRADERAS NORTE
LAS PRADERAS SUR,LAS PRADERAS SUR
LAS PROVINCIAS,LAS PROVINCIAS
LAS PROVINCIAS SECC. SALAMANCA,LAS PROVINCIAS SECC. SALAMANCA
LAS PÉREDAS,LAS PEREDAS
LAS QUINTAS,LAS QUINTAS
LAS RIBERAS DEL PITIC,LAS RIBERAS DEL PITIC
LAS TOMASAS,LAS TOMASAS
LAS TORRES,LAS TORRES
LAS TRANCAS,LAS TRANCAS
LAS TRES REYNAS,LAS TRES REYNAS
LAS VEREDAS,LAS VEREDAS
LAS VIBORAS,LAS VIBORAS
LAS VILLAS,LAS VILLAS
LAS VILLAS DEL NOGAL,LAS VILLAS DEL NOGAL
LAS VISTA,LAS VISTA
LAS VISTAS,LAS VISTAS
LASLOMAS,LASLOMAS
LAURA ALICIA FRIAS DE LOPEZ NOGALES,LAURA ALICIA FRIAS DE LOPEZ NOGALES
LAURA ALICIA FRÍAS DE LOPEZ NOGALES,LAURA ALICIA FRIAS DE LOPEZ NOGALES
LAURA FRIAS DE LOPEZ NOGALES,LAURA FRIAS DE LOPEZ NOGALES
LAZARO CARDENAS,LAZARO CARDENAS
LAZARO CARDENAS (BAHIA DE KINO),LAZARO CARDENAS (BAHIA DE KINO)
LB,LB
LEY 57,LEY 57
LIBERTAD,LIBERTAD
LIBRAMIENTO,LIBRAMIENTO
LIC. IGNACIO RAMIREZ Y SU ANEXO SAN PEDRO [NCPE],LIC. IGNACIO RAMIREZ Y SU ANEXO SAN PEDRO [NCPE]
LIRIOS,LIRIOS
LIRIOS II,LIRIOS II
LLANO,LLANO
LLANO VERDE,LLANO VERDE
LO OLIVOS,LOS OLIVOS
LOMA BLANCA,LOMA BLANCA
LOMA LINDA,LOMA LINDA
LOMA LINDA (BAHIA DE KINO),LOMA LINDA (BAHIA DE KINO)
LOMA LINDA \ KINO VIEJO,LOMA LINDA \ KINO VIEJO
LOMAS ALTAS,LOMAS ALTAS
LOMAS ALTAS PERIFERIA,LOMAS ALTAS PERIFERIA
LOMAS DE CORTEZ,LOMAS DE CORTEZ
LOMAS DE HERMOSILLO,LOMAS DE HERMOSILLO
LOMAS DE KINO,LOMAS DE KINO
LOMAS DE LINDA VISTA,LOMAS DE LINDAVISTA
LOMAS DE LINDAVISTA,LOMAS DE LINDAVISTA
LOMAS DE MADRID,LOMAS DE MADRID
LOMAS DE REFORMA,LOMAS DE REFORMA
LOMAS DE SAN GERMAN,LOMAS DE SAN GERMAN
LOMAS DEL BACHOCO,LOMAS DEL BACHOCO
LOMAS DEL BARROCAN RESIDENCIAL,LOMAS DEL BARROCAN RESIDENCIAL
LOMAS DEL MARQUEZ,LOMAS DEL MARQUEZ
LOMAS DEL MIRADOR,LOMAS DEL MIRADOR
LOMAS DEL NORTE,LOMAS DEL NORTE
LOMAS DEL NORTE Y PARAISO,LOMAS DEL NORTE Y PARAISO
LOMAS DEL PARAISO,LOMAS DEL PARAISO
LOMAS DEL PARQUE,LOMAS DEL PARQUE
LOMAS DEL PITIC,LOMAS DEL PITIC
LOMAS DEL RUR,LOMAS DEL RUR
LOMAS DEL SUR,LOMAS DEL SUR
LOMAS PITIC,LOMAS PITIC
LOMAS PLUS,LOMAS PLUS
LOPEZ PORTILLO,LOPEZ PORTILLO
LOPEZ PÓRTILLO,LOPEZ PORTILLO
LOPEZS RIESGO,LOPEZS RIESGO
LORENZO RESIDENCIAL,LORENZO RESIDENCIAL
LORETO,LORETO
LORETO RESIDENCIAL,LORETO RESIDENCIAL
LOS ABRIL (RUBEN ABRIL),LOS ABRIL (RUBEN ABRIL)
LOS ALAMITOS,LOS ALAMITOS
LOS ALAMOS,LOS ALAMOS
LOS ALTOS,LOS ALTOS
LOS ALTOS RESIDENCIAL,LOS SANTOS RESIDENCIAL
LOS ANGELES,LOS ANGELES
LOS ARBOLITOS,LOS ARBOLITOS
LOS ARCOS,LOS ARCOS
LOS ARROYOS,LOS ARROYOS
LOS ARROYOS (AEROPUERTO,LOS ARROYOS (AEROPUERTO
LOS ARROYOS (LOCALIDAD RURAL),LOS ARROYOS (LOCALIDAD RURAL)
LOS ARROYOS II,LOS ARROYOS II
LOS ATARDECERES,LOS ATARDECERES
LOS BAGOTES (LA NOPALERA),LOS BAGOTES (LA NOPALERA)
LOS BAGOTES 2 (MANUEL RAMON MADA ARVAYO),LOS BAGOTES 2 (MANUEL RAMON MADA ARVAYO)
LOS BENAVIDES,LOS BENAVIDES
LOS CANARIOS,LOS CANARIOS
LOS CANARIOS\MIGUEL ALEMAN (LA DOCE),LOS CANARIOS\MIGUEL ALEMAN (LA DOCE)
LOS CHINOS,LOS CHINOS
LOS CHOROS,LOS CHOROS
LOS CIRIOS,LOS CIRIOS
LOS COCHITOS (LOS COCHITOS UNISON),LOS COCHITOS (LOS COCHITOS UNISON)
LOS COPALES,LOS COPALES
LOS COYOTES,LOS COYOTES
LOS CUATRO (PALERMO),LOS CUATRO (PALERMO)
LOS ENCINOS,LOS ENCINOS
LOS ENCINOS I ETAPA III,LOS ENCINOS I ETAPA III
LOS ENCINOS RESIDENCIAL,LOS ENCINOS RESIDENCIAL
LOS FRAILES,LOS FRAILES
LOS FRESNOS,LOS FRESNOS
LOS GIRASOLES,LOS GIRASOLES
LOS GUAJOLOTES,LOS GUAJOLOTES
LOS HOYOS,LOS HOYOS
LOS IGUALADOS,LOS IGUALADOS
LOS JARDINES,LOS JARDINES
LOS LAGOS,LOS LAGOS
LOS LAGOS SECC. LAGO ESCONDIDO,LOS LAGOS SECC. LAGO ESCONDIDO
LOS LIRIOS,LOS LIRIOS
LOS LIRIOS INV. TEPITO,LOS LIRIOS INV. TEPITO
LOS LOMAS,LOS LOMAS
LOS MANANTIALES,LOS MANANTIALES
LOS MEXICANOS,LOS MEXICANOS
LOS MEZQUITES,LOS MEZQUITES
LOS MIRASOLES,LOS MIRASOLES
LOS MISIONEROS,LOS MISIONEROS
LOS MORALES,LOS MORALES
LOS NARANJOS,LOS NARANJOS
LOS OLIVOS,LOS OLIVOS
LOS PAÑUELOS,LOS PAÑUELOS
LOS PINOS,LOS PINOS
LOS PINOS (COLONIA ADOLFO LOPEZ MATEOS),LOS PINOS (COLONIA ADOLFO LOPEZ MATEOS)
LOS PINOS (COLONIA ADOLFO LÓPEZ MATEOS),LOS PINOS (COLONIA ADOLFO LOPEZ MATEOS)
LOS PINOS CAMPESTRE,LOS PINOS CAMPESTRE
LOS PINOS RDCIAL,LOS PINOS RDCIAL
LOS PINOS RESIDENCIAL,LOS PINOS RESIDENCIAL
LOS PINOS SEGUNDA ETAPA,LOS PINOS SEGUNDA ETAPA
LOS POCITOS,LOS POCITOS
LOS POCITOS (LOCALIDAD RURAL),LOS POCITOS (LOCALIDAD RURAL)
LOS POETAS,LOS POETAS
LOS POLVORINES,LOS POLVORINES
LOS PORTALES,LOS PORTALES
LOS ROSALES,LOS ROSALES
LOS SABINOS,LOS SABINOS
LOS SANTOS,LOS SANTOS
LOS SANTOS RESIDENCIAL,LOS SANTOS RESIDENCIAL
LOS SAUCES,LOS SAUCES
LOS TULIPANES,LOS TULIPANES
LOS VINEDOS,LOS VINEDOS
LOS VINEDOS II,LOS VINEDOS II
LOS VIÑEDOS I,LOS VIÑEDOS I
LOS VIÑEDOS II,LOS VINEDOS II
LOS ÁLAMOS,LOS ALAMOS
LOSOLIVOS,LOSOLIVOS
LOTE BALDIO,LOTE BALDIO
LUIS DONALDO COLOSIO,LUIS DONALDO COLOSIO
LUIS DONALDO COLOSIO (BAHIA KINO),LUIS DONALDO COLOSIO (BAHIA KINO)
LUIS DONALDO COLOSIO (MIGUEL ALEMAN),LUIS DONALDO COLOSIO (MIGUEL ALEMAN)
LUIS DONALDO COLOSIO 3RA.ETAPA,LUIS DONALDO COLOSIO 3RA.ETAPA
LUIS DONALDO COLOSIO 4TA. ETAPA,LUIS DONALDO COLOSIO 4TA. ETAPA
LUIS ENCINAS,LUIS ENCINAS
LUZ VALENCIA,LUZ VALENCIA
LÓPEZ PORTILLO,LOPEZ PORTILLO
MACHI LOPEZ,MACHI LOPEZ
MACLASA (CAMSA),MACLASA (CAMSA)
MAGISTERIAL,MAGISTERIAL
MALECON,MALECON
MALLORCA RESIDENCIAL,MALLORCA RESIDENCIAL
MANANTIAL DE CAMOU [CAMPESTRE],MANANTIAL DE CAMOU [CAMPESTRE]
MANANTIAL DE CAMOÚ [CAMPESTRE],MANANTIAL DE CAMOU [CAMPESTRE]
MANLIO FABIO BELTRONES,MANLIO FABIO BELTRONES
MANUEL AVILA CAMACHO,MANUEL AVILA CAMACHO
MANUEL GOMEZ MORIN,MANUEL GOMEZ MORIN
MANUEL GÓMEZ MORIN,MANUEL GOMEZ MORIN
MANUEL J CLOUTHIER,MANUEL J CLOUTHIER
MARGARITAS OLIVOS,MARGARITAS OLIVOS
MARIACHI,MARIACHI
MARIN PARAISO,MARIN PARAISO
MARLEN,MARLEN
MARQUESA,MARQUESA
MARSELLA RESID.,MARSELLA RESID.
MARSELLA RESIDENCIAL,MARSELLA RESIDENCIAL
MARTIN VALENCIA,MARTIN VALENCIA
MARTIRES DE CANANEA,MARTIRES DE CANANEA
MAYA,MAYA
MAYORCA,MAYORCA
MEDITERRANEO,MEDITERRANEO
MEDITERRANEO RESIDENCIAL,MEDITERRÁNEO RESIDENCIAL
MEDITERRÁNEO RESIDENCIAL,MEDITERRÁNEO RESIDENCIAL
MEGA CENTRO,MEGA CENTRO
MEGACENTRO,MEGACENTRO
MERLOT,MERLOT
MESA DEL SERI,MESA DEL SERI
MESA VERDE,MESA VERDE
MESA VERDE RESIDENCIAL,MESA VERDE RESIDENCIAL
MESAVERDE,MESAVERDE
METALERA,METALERA
METROCENTRO,METROCENTRO
MEZORO,MEZORO
MEZQUITAL DEL ORO,MEZQUITAL DEL ORO
MICROPARQUE INDUSTRIAL,MICROPARQUE INDUSTRIAL
MICROPARQUE INDUSTRIAL NORTE,MICROPARQUE INDUSTRIAL NORTE
MIGUEL ALEMAN,MIGUEL ALEMAN
MIGUEL ALEMAN (LA DOCE),MIGUEL ALEMAN (LA DOCE)
MIGUEL ANGEL JIMENEZ,MIGUEL ANGEL JIMENEZ
MIGUEL HIDALGO,MIGUEL HIDALGO
MIGUEL HIDALGO (BAHIA DE KINO),MIGUEL HIDALGO (BAHIA DE KINO)
MIGUEL VALDEZ,MIGUEL VALDEZ
MIGUEL VALENCIA,MIGUEL VALENCIA
MILAGRO DE FATIMA,MILAGRO DE FATIMA
MILAN,MILAN
MILAN RESIDENCIAL,MILAN RESIDENCIAL
MILLAN RESIDENCIAL.,MILLAN RESIDENCIAL.
MILPA BAJA,MILPA BAJA
MILÁN,MILAN
MINEROS DE PILARES,MINEROS DE PILARES
MIRADOR,MIRADOR
MIRADOR DEL BACHOCO,MIRADOR DEL BACHOCO
MIRADOR DEL PARAISO,MIRADOR DEL PARAISO
MIRAMONTES,MIRAMONTES
MISION DE ANDALUCIA,MISION DE ANDALUCIA
MISION DE ANDALUCIA RES,MISION DE ANDALUCIA RES
MISION DE SAN IGNACIO,MISION DE SAN IGNACIO
MISION DEL ARCO,MISIÓN DEL ARCO
MISION DEL REAL,MISIÓN DEL REAL
MISION DEL SOL,MISION DEL SOL
MISION LOS LIRIOS,MISION LOS LIRIOS
MISION SAN CRISTOBAL,MISION SAN CRISTOBAL
MISION SAN JERONIMO,MISIÓN SAN JERÓNIMO
MISIONEROS,MISIONEROS
MISIÓN DEL ARCO,MISIÓN DEL ARCO
MISIÓN DEL REAL,MISIÓN DEL REAL
MISIÓN DEL SOL,MISION DEL SOL
MISIÓN SAN IGNACIO,MISIÓN SAN IGNACIO
MISIÓN SAN JERÓNIMO,MISIÓN SAN JERÓNIMO
MISSION,MISSION
MIXCOAC,MIXCOAC
MIXCOATL,MIXCOATL
MOCTEZUMA,MOCTEZUMA
MODELO,MODELO
MODELO CENTRO,MODELO CENTRO
MODELO CENTRO (GUAYMAS J. SIERRA),MODELO CENTRO (GUAYMAS J. SIERRA)
MODELO NORTE,MODELO NORTE
MODELO RETORNOS,MODELO RETORNOS
MODELO SUR RETORNOS,MODELO SUR RETORNOS
"MODELO SUR, RETORNOS",MODELO SUR RETORNOS
MOLINO DE CAMOU,MOLINO DE CAMOU
MOLINO DE CAMOU (SAN ISIDRO),MOLINO DE CAMOU (SAN ISIDRO)
MONACO PRIVADA RESIDENCIAL,MONACO PRIVADA RESIDENCIAL
MONACO PRIVADAS,MONACO PRIVADAS
MONACO PRIVADAS RESIDENCIALES,MONACO PRIVADA RESIDENCIAL
MONARCA RESIDENCIAL,MONARCA RESIDENCIAL
MONTALBAN O CANTERAS,MONTALBAN O CANTERAS
MONTALBAN RESIDENCIAL,MONTEALBAN RESIDENCIAL
MONTANA,MONTANA
MONTE ALBAN SECC. 2,MONTE ALBAN SECC. 2
MONTE BELLO RESIDENCIAL,MONTEBELLO RESIDENCIAL
MONTE CARLO,MONTE CARLO
MONTE ELENA,MONTE ELENA
MONTE REAL,MONTE REAL
MONTE SERENO,MONTE SERENO
MONTEALBAN,MONTEALBAN
MONTEALBAN RESIDENCIAL,MONTEALBAN RESIDENCIAL
MONTEBELLO,MONTEBELLO
MONTEBELLO RESIDENCIAL,MONTEBELLO RESIDENCIAL
MONTECARLO,MONTECARLO
MONTECARLOS,MONTECARLOS
MONTECRISTO,MONTECRISTO
MONTEREAL,MONTEREAL
MONTERO,MONTERO
MONTEROSA,MONTEROSA
MONTEROSA RESIDENCIAL,MONTEROSA RESIDENCIAL
MONTERREY (LOCALIDAD RURAL),MONTERREY (LOCALIDAD RURAL)
MORELOS,MORELOS
MURAN,MURAN
MURANO,MURANO
MURANO RESIDENCIAL,MURANO RESIDENCIAL
MÁRTIRES DE CANANEA,MARTIRES DE CANANEA
MÓNACO PRIVADA RESIDENCIAL,MONACO PRIVADA RESIDENCIAL
NACAMERI,NACAMERI
NAPOLES,NAPOLES
NATURA,NATURA
NAVARRETE,NAVARRETE
NAZAREO RESIDENCIAL,NAZAREO RESIDENCIAL
NIÑOS HEROES,NIÑOS HEROES
NOCHITONGO,NOCHITONGO
NORBERTO ORTEGA,NORBERTO ORTEGA
NUEVA CASTILLA,NUEVA CASTILLA
NUEVA ESPAÑA,NUEVA ESPAÑA
NUEVA ESPERANZA,NUEVA ESPERANZA
NUEVA ESPERANZA (LOCALIDAD RURAL),NUEVA ESPERANZA (LOCALIDAD RURAL)
NUEVA EUROPA,NUEVA EUROPA
NUEVA GALICIA,NUEVA GALICIA
NUEVA ILUSION,NUEVA ILUSION
NUEVA ILUSION [CAMPESTRE],NUEVA ILUSION [CAMPESTRE]
NUEVA PALMIRA,NUEVA PALMIRA
NUEVA PROVINCIA,NUEVA PROVINCIA
NUEVA VICTORIA,NUEVA VICTORIA
NUEVA VILLA SUREÑA,NUEVA VILLA SUREÑA
NUEVO AMANECER,NUEVO AMANECER
NUEVO DESIERTO,NUEVO DESIERTO
NUEVO HERMAOSILLO,NUEVO HERMOSILLO
NUEVO HERMOSILLO,NUEVO HERMOSILLO
NUEVO HORIZONTE,NUEVO HORIZONTE
NUEVO KINO,NUEVO KINO
NUEVO MEXICO,NUEVO MEXICO
NUEVO POROGRESO,NUEVO PROGRESO
NUEVO PROGRESO,NUEVO PROGRESO
NUEVO SAHUARO,NUEVO SAHUARO
NUEVO SONORA,NUEVO SONORA
NUEVO SONORA\MIGUEL ALEMAN (LA DOCE),NUEVO SONORA\MIGUEL ALEMAN (LA DOCE)
NUEVO TRIUNFO,NUEVO TRIUNFO
NUUEVA ESPERANZA.,NUUEVA ESPERANZA.
OASIS,OASIS
OASIS  MONTE REAL,OASIS  MONTE REAL
OASIS DE KINO,OASIS DE KINO
OASIS DEL PINACATE,OASIS DEL PINACATE
OASIS DEL SOL,OASIS DEL SOL
OASIS DEL SOL / HERMOSILLO,OASIS DEL SOL / HERMOSILLO
OASIS LANTANA,OASIS LANTANA
OASIS MESA VERDE,OASIS MESA VERDE
OASIS MIRAMONTES,OASIS MIRAMONTES
OASIS MONTE REAL,OASIS  MONTE REAL
OASIS MONTEREAL,OASIS  MONTE REAL
OASIS MONTERREAL,OASIS  MONTE REAL
OASIS PALMEIRA,OASIS PALMEIRA
OASIS PINACATE,OASIS PINACATE
OASIS SANTA FE,OASIS SANTA FE
OASIS SECC PINACATE,OASIS SECC PINACATE
OASIS SOLANA,OASIS SOLANA
OASIS SOLERA,OASIS SOLERA
OBISPO RESIDENCIAL,OBISPO RESIDENCIAL
OBISPOS,OBISPOS
OBISPOS RESIDENCIAL,OBISPO RESIDENCIAL
OFICINAS FEDERALES,OFICINAS FEDERALES
OLIVARES,OLIVARES
OLIVARES NORTE,OLIVARES NORTE
OLIVOS,OLIVOS
OLOS OLIVOS,OLOS OLIVOS
OPATAS,OPATAS
OREBALMA,OREBALMA
P. INDUSTRIAL,P. INDUSTRIAL
P. INDUSTRIAL DYNATECH,P. INDUSTRIAL DYNATECH
P. INDUSTRIAL LA LABOR,P. INDUSTRIAL LA LABOR
PALERMO,PALERMO
PALERMO RESIDENCIAL,PALERMO RESIDENCIAL
PALERMO SECCION FERRARA,PALERMO SECCION FERRARA
PALERMO SECCION PARTANNA,PALERMO SECCION PARTANNA
PALERMO SECCION VENETO,PALERMO SECCION VENETO
PALMA DORADA,PALMA DORADA
PALMAR DEL SOL,PALMAR DEL SOL
PALO FIERRO,PALO FIERRO
PALO VERDE,PALO VERDE
PALO VERDE FINAL,PALO VERDE FINAL
PALO VERDE INDEUR,PALO VERDE INDEUR
PALO VERDE INDEUR LOS OLIVOS,PALOVERDE INDEUR LOS OLIVOS
PALO VERDE LOS OLIVOS,PALO VERDE LOS OLIVOS
PALO VERDE NORTE,PALO VERDE NORTE
PALO VERDE SUR,PALO VERDE SUR
PALOMA RESIDENCIAL,PALOMA RESIDENCIAL
PALOVERDE INDEUR LOS OLIVOS,PALOVERDE INDEUR LOS OLIVOS
PANTEON,PANTEON
PAQUE CENTRAL,PARQUE CENTRAL
PARADA CANO,PARADA CANO
PARAISO PITIC,PARAISO PITIC
PARQUE CENTRAL,PARQUE CENTRAL
PARQUE INDUSTRIAL,PARQUE INDUSTRIAL
PARQUE INDUSTRIAL (ZONA INDUSTRIAL),PARQUE INDUSTRIAL (ZONA INDUSTRIAL)
PARQUE INDUSTRIAL DAMOSA,PARQUE INDUSTRIAL DAMOSA
PARQUE INDUSTRIAL DE HERMOSILLO NORTE,PARQUE INDUSTRIAL HERMOSILLO NORTE
PARQUE INDUSTRIAL DINATECH,PARQUE INDUSTRIAL DINATECH
PARQUE INDUSTRIAL HERMOSILLO,PARQUE INDUSTRIAL HERMOSILLO
PARQUE INDUSTRIAL HERMOSILLO NORTE,PARQUE INDUSTRIAL HERMOSILLO NORTE
PARQUE INDUSTRIAL LANIX,PARQUE INDUSTRIAL LANIX
PARQUE INDUSTRIAL LATITUDE,PARQUE INDUSTRIAL LATITUDE
PARQUE INDUSTRIAL MONTE ALBAN,PARQUE INDUSTRIAL MONTE ALBAN
PARQUE INDUSTRIAL NORTE,PARQUE INDUSTRIAL NORTE
PARQUE INDUSTRIAL PIMEX,PARQUE INDUSTRIAL PIMEX
PARQUE INDUSTRIAL SONORA,PARQUE INDUSTRIAL SONORA
PARQUE MADERO,PARQUE MADERO
PARQUE MADERO NORTE,PARQUE MADERO NORTE
PARQUE VERSALLES,PARQUE VERSALLES
PARQUE VERSALLES RESID.,PARQUE VERSALLES RESID.
PASEO CASA BLANCA,PASEO CASA BLANCA
PASEO DE LA COLINA,PASEO DE LA COLINA
PASEO DE LA COLINA I,PASEO DE LA COLINA I
PASEO DE LA COLINA II,PASEO DE LA COLINA II
PASEO DE LAS MARGARITAS,PASEO DE LAS MARGARITAS
PASEO DE LAS MISIONES,PASEO DE LAS MISIONES
PASEO DE LAS PALMAS,PASEO DE LAS PALMAS
PASEO DE LAS RIVIERAS,PASEO DE LAS RIVIERAS
PASEO DE PALMAS,PASEO DE PALMAS
PASEO DEL CID,PASEO DEL CID
PASEO DEL CID RESIDENCIAL,PASEO DEL CID RESIDENCIAL
PASEO DEL PALMAR,PASEO DEL PALMAR
PASEO DEL PEDREGAL,PASEO DEL PEDREGAL
PASEO DEL SOL,PASEO DEL SOL
PASEO LAS LOMAS,PASEO LAS LOMAS
PASEO REAL,PASEO REAL
PASEO REAL RESIDENCIAL,PASEO REAL RESIDENCIAL
PASEO SAN ANGEL,PASEO SAN ANGEL
PASEO SAN ANGEL II SECC LAS PLACITAS I,PASEO SAN ANGEL II SECC LAS PLACITAS I
PASEO SAN ANGEL II SECC LAS PLACITAS II,PASEO SAN ANGEL II SECC LAS PLACITAS II
PASEO SAN ANGEL II SECC LAS PLACITAS V,PASEO SAN ANGEL II SECC LAS PLACITAS V
PASEO SAN ANGEL II SECC. CERRADA LAS PLACITAS,PASEO SAN ANGEL II SECC. CERRADA LAS PLACITAS
PASEO SAN ANGEL II SECC. LAS PLACITAS V / HERMOSILLO,PASEO SAN ANGEL II SECC. LAS PLACITAS V / HERMOSILLO
PASEO SAN ANGEL II SECC. LOS ALAMOS,PASEO SAN ANGEL II SECC. LOS ALAMOS
PASEO SAN ANGEL III SECC,PASEO SAN ANGEL III SECC
"PASEO SAN ANGEL SECCION LAS PLACITAS  I,II,III, IV","PASEO SAN ANGEL SECCION LAS PLACITAS  I,II,III, IV"
PASEO SAN NGEL SECC LAS PLACITAS,PASEO SAN NGEL SECC LAS PLACITAS
PASEO SAN NGEL SECC LOS ALAMOS,PASEO SAN NGEL SECC LOS ALAMOS
"PASEO SAN ÁNGEL SECCIÓN LAS PLACITAS II,III, IV, V","PASEO SAN ÁNGEL SECCIÓN LAS PLACITAS II,III, IV, V"
PASEODEL PEDREGAL,PASEO DEL PEDREGAL
PASEOS DE ROMANZA,PASEOS DE ROMANZA
PASEOS DEL PEDREGAL,PASEO DEL PEDREGAL
PASEOS DEL PEDREGAL II,PASEOS DEL PEDREGAL II
PASEOS DEL PEDREGAL SECC. DIAMANTE,PASEOS DEL PEDREGAL SECC. DIAMANTE
PEDREGAL DE LA VILLA,PEDREGAL DE LA VILLA
PEMEX,PEMEX
PEREDAS,PEREDAS
PERIFERICO SUR,PERIFERICO SUR
PERIODISTA,PERIODISTA
PERISUR,PERISUR
PESQUEIRA,PESQUEIRA
PEÑASCO RESIDENCIAL,PEÑASCO RESIDENCIAL
PIE DE CASAS LAS MINITAS,PIE DE CASAS LAS MINITAS
PIEDRA BOLA (PEDREGAL DE LA VILLA,PIEDRA BOLA (PEDREGAL DE LA VILLA
PILARES,PILARES
PILARES PORTAL,PILARES PORTAL
PILFORITO,PILFORITO
PIMA,PIMA
PIMENTEL,PIMENTEL
PITIC,PITIC
"PLACITAS , EN EL EJIDO LAS PLACITAS","PLACITAS , EN EL EJIDO LAS PLACITAS"
PLAN DE AYALA,PLAN DE AYALA
PLAN DE AYALA (RANCHO),PLAN DE AYALA (RANCHO)
PLATINO,PLATINO
PLAZA DE LAS FRANQUICIAS,PLAZA DE LAS FRANQUICIAS
PLAZA GRANDE,PLAZA GRANDE
PLAZA REAL,PLAZA REAL
PLAZA SENDERO,PLAZA SENDERO
PLUTARCO ELIAS,PLUTARCO ELIAS
PLUTARCO ELIAS CALLES,PLUTARCO ELIAS CALLES
POPULAR,POPULAR
PORTAL DE LAGOS,PORTAL DE LAGOS
PORTAL DE ROMANZA,PORTAL DE ROMANZA
PORTAL DEL LAGO,PORTAL DE LAGOS
PORTAL DEL PITIC,PORTAL DEL PITIC
PORTON DEL ARCO,PORTON DEL ARCO
POTRERO DE BUSHARD,POTRERO DE BUSHARD
POZA RICA,POZA RICA
POZO LOCO,POZO LOCO
PRADERAS,PRADERAS
PRADERAS DEL REAL,PRADERAS DEL REAL
PRADERAS DEL SOL,PRADERAS DEL SOL
PRADERAS DEL VALLE,PRADERAS DEL VALLE
PRADOS DE BUGAMBILIAS,PRADOS DE BUGAMBILIAS
PRADOS DE BUGAMBILIAS II,PRADOS DE BUGAMBILIAS II
PRADOS DEL CENTENARIO,PRADOS DEL CENTENARIO
PRADOS DEL SOL,PRADOS DEL SOL
PREDIO GUADALUPE,PREDIO GUADALUPE
PRESIDENCIAL PENASCO,RESIDENCIAL PEÑASCO
PRIMAVERA,PRIMAVERA
PRIMAVERA\KINO VIEJO,PRIMAVERA\KINO VIEJO
PRIMERO HERMOSILLO,PRIMERO HERMOSILLO
PRIV REAL DEL PARQUE,PRIV REAL DEL PARQUE
PRIV RESIDENCIAL MONACO,PRIV RESIDENCIAL MONACO
PRIV. CASA BLANCA,PRIV. CASA BLANCA
PRIV. SAN GERMAN,PRIV. SAN GERMAN
PRIVADA BURTON,PRIVADA BURTON
PRIVADA CARDENO RESIDENCIAL,PRIVADA CARDENO RESIDENCIAL
PRIVADA CASA BLANCA,PRIVADA CASA BLANCA
PRIVADA CORDOBA,PRIVADA CORDOVA
PRIVADA CORDOVA,PRIVADA CORDOVA
PRIVADA DE SAUCE,PRIVADAS DEL SAUCE
PRIVADA DEL MIRADOR I,PRIVADA DEL MIRADOR I
PRIVADA DEL NOGAL,PRIVADA DEL NOGAL
PRIVADA DEL REAL,PRIVADAS DEL REAL
PRIVADA DEL REY,PRIVADAS DEL REY
PRIVADA DEL ROSARIO,PRIVADA DEL ROSARIO
PRIVADA DOS LAS LOMAS,PRIVADA DOS LAS LOMAS
PRIVADA LOMA ALTA,PRIVADA LOMA ALTA
PRIVADA LOS SAUCES,PRIVADA LOS SAUCES
PRIVADA MIXCOAC,PRIVADA MIXCOAC
PRIVADA PALO VERDE,PRIVADA PALO VERDE
PRIVADA PARQUE ALAMEDA,PRIVADA PARQUE ALAMEDA
PRIVADA QUINTA EMILIA,PRIVADA QUINTA EMILIA
PRIVADA RESIDENCIAL DEL PEDREGAL,PRIVADA RESIDENCIAL DEL PEDREGAL
PRIVADA RESIDENCIAL LA CANADA,PRIVADA RESIDENCIAL LA CAÑADA
PRIVADA RESIDENCIAL LA CAÑADA,PRIVADA RESIDENCIAL LA CAÑADA
PRIVADA ROBLES,PRIVADA ROBLES
PRIVADA ROSALES,PRIVADA ROSALES
PRIVADA SACRAMENTO,PRIVADA SACRAMENTO
PRIVADA SAHUARO,PRIVADA SAHUARO
PRIVADA SAN GERMAN,PRIVADA SAN GERMAN
PRIVADA SAN LORENZO,PRIVADA SAN LORENZO
PRIVADA SANTA LUCIA,PRIVADA SANTA LUCIA
PRIVADA SANTA ROSA,PRIVADA SANTA ROSA
PRIVADA SATURNINO CAMPOY,PRIVADA SATURNINO CAMPOY
PRIVADA UNIVERSIDAD,PRIVADA UNIVERSIDAD
PRIVADA VICTORIA,PRIVADA VICTORIA
PRIVADAS DE BUGAMBILIAS,PRIVADAS DE BUGAMBILIAS
PRIVADAS DE REY,PRIVADAS DEL REY
PRIVADAS DE SAN LORENZO,PRIVADAS DE SAN LORENZO
PRIVADAS DEL BOSQUE,PRIVADAS DEL BOSQUE
PRIVADAS DEL MIRADOR,PRIVADAS DEL MIRADOR
PRIVADAS DEL MIRADOR 2,PRIVADAS DEL MIRADOR 2
PRIVADAS DEL REAL,PRIVADAS DEL REAL
PRIVADAS DEL REAL II,PRIVADAS DEL REAL II
PRIVADAS DEL REAL SUR,PRIVADAS DEL REAL SUR
PRIVADAS DEL REY,PRIVADAS DEL REY
PRIVADAS DEL REY VII ETAPA,PRIVADAS DEL REY VII ETAPA
PRIVADAS DEL SAUCE,PRIVADAS DEL SAUCE
PRIVADAS RESIDENCIALES,PRIVADAS RESIDENCIALES
PRIVADAS SANTA CLARA,PRIVADAS SANTA CLARA
PROGRESISTA,PROGRESISTA
PROGRESO,PROGRESO
PROGRESO (BAHIA DE KINO),PROGRESO (BAHIA DE KINO)
PROGRESO\BAHIA DE KINO,PROGRESO\BAHIA DE KINO
PROLONGACION LOS OLIVOS,PROLONGACION LOS OLIVOS
PROVEEDORA DE INSUMOS MINEROS SA,PROVEEDORA DE INSUMOS MINEROS SA
PROYECTO COLONIA ALTARES,PROYECTO COLONIA ALTARES
PROYECTO RIO SONORA,PROYECTO RIO SONORA
PROYECTO RIO SONORA HERMOSILLO XXI,PROYECTO RIO SONORA HERMOSILLO XXI
PROYECTO VILLAS DEL COLORADO,PROYECTO VILLAS DEL COLORADO
PUBLITOS,PUBLITOS
PUEBLITOS,PUEBLITOS
PUEBLITOS CDA. GUARIJIOS,PUEBLITOS CDA. GUARIJIOS
PUEBLITOS CDA. KIKAPU,PUEBLITOS CDA. KIKAPU
PUEBLITOS CDA. KUKAPU,PUEBLITOS CDA. KIKAPU
PUEBLITOS CDA. PAPAGOS,PUEBLITOS CDA. PAPAGOS
PUEBLITOS CERRADA GUARIJIOS,PUEBLITOS CERRADA GUARIJIOS
PUEBLITOS SECC GUARIJIOS,PUEBLITOS SECC GUARIJIOS
PUEBLITOS SECC KIKAPU,PUEBLITOS SECC KIKAPU
PUEBLITOS SECC KUKAPA,PUEBLITOS SECC KUKAPA
PUEBLITOS SECC LOS ALAMOS,PUEBLITOS SECC LOS ALAMOS
PUEBLITOS SECC PAPAGOS,PUEBLITOS SECC PAPAGOS
PUEBLITOS SECC PIMAS,PUEBLITOS SECC PIMAS
PUEBLO ALEGRE,PUEBLO ALEGRE
PUEBLO ALTO,PUEBLO ALTO
PUEBLO BONITO,PUEBLO BONITO
PUEBLO DE ALAMOS,PUEBLO DE ALAMOS
PUEBLO DE ORO,PUEBLO DE ORO
PUEBLO DEL ANGEL,PUEBLO DEL ÁNGEL
PUEBLO DEL ORO,PUEBLO DE ORO
PUEBLO DEL SOL,PUEBLO DEL SOL
PUEBLO DEL SOL SECC ANDINA,PUEBLO DEL SOL SECC ANDINA
PUEBLO DEL SOL SECC. ALBINA,PUEBLO DEL SOL SECC. ALBINA
PUEBLO DEL ÁNGEL,PUEBLO DEL ÁNGEL
PUEBLO DORADO,PUEBLO DORADO
PUEBLO ESCONDIDO,PUEBLO ESCONDIDO
PUEBLO GRANDE,PUEBLO GRANDE
PUEBLO NUEVO,PUEBLO NUEVO
PUERAT DEL REY,PUERAT DEL REY
PUERAT REAL,PUERAT REAL
PUERTA DE HIERRO,PUERTA DE HIERRO
PUERTA DEL REAL,PUERTA DEL REAL
PUERTA DEL REY,PUERTA DEL REY
PUERTA DEL REY ALCALA,PUERTA DEL REY ALCALA
PUERTA DEL REY ETAPA II,PUERTA DEL REY ETAPA II
PUERTA DEL REY ETAPA III,PUERTA DEL REY ETAPA III
PUERTA DEL REY ETAPA IV,PUERTA DEL REY ETAPA IV
PUERTA DEL REY ETAPA V,PUERTA DEL REY ETAPA V
PUERTA DEL REY ETAPA VI,PUERTA DEL REY ETAPA VI
PUERTA DEL REY SECC 3,PUERTA DEL REY SECC 3
PUERTA DEL REY SECC. ALTADENA,PUERTA DEL REY SECC. ALTADENA
PUERTA DEL REY SECC. CALAFIA,PUERTA DEL REY SECC. CALAFIA
PUERTA DEL REY SECC. CUEVA,PUERTA DEL REY SECC. CUEVA
PUERTA DEL REY SECC. CUEVAS,PUERTA DEL REY SECC. CUEVAS
PUERTA DEL REY SECC. GALICIA,PUERTA DEL REY SECC. GALICIA
PUERTA DEL REY SECC: CASTILLA,PUERTA DEL REY SECC: CASTILLA
PUERTA DEL REY SECCION ALCADENA,PUERTA DEL REY SECCION ALCADENA
PUERTA DEL REY SECCION CASTILLO,PUERTA DEL REY SECCION CASTILLO
PUERTA DEL REY SECCION CORDOVA,PUERTA DEL REY SECCION CORDOVA
PUERTA DEL REY SEGUNDA ETAPA,PUERTA DEL REY SEGUNDA ETAPA
PUERTA DEL REY VI,PUERTA DEL REY VI
PUERTA DEL SOL,PUERTA DEL SOL
PUERTA EL REY,PUERTA DEL REY
PUERTA ESMERALDA,PUERTA ESMERALDA
PUERTA GRANDE,PUERTA GRANDE
PUERTA GRANDE RESIDENCIAL,PUERTA GRANDE RESIDENCIAL
PUERTA REAL,PUERTA REAL
PUERTA REAL 8A ETAPA,PUERTA REAL 8A ETAPA
PUERTA REAL QUINTA ETAPA,PUERTA REAL QUINTA ETAPA
PUERTA REAL RESIDENCIAL,PUERTA REAL RESIDENCIAL
PUERTA REAL RESIDENCIAL 8A ETAPA,PUERTA REAL RESIDENCIAL 8A ETAPA
"PUERTA REAL RESIDENCIAL II, III, IV, V, VI,VII","PUERTA REAL RESIDENCIAL II, III, IV, V, VI,VII"
PUERTA REAL RESIDENCIAL III,PUERTA REAL RESIDENCIAL III
PUERTA REAL RESIDENCIAL IV,PUERTA REAL RESIDENCIAL IV
PUERTA REAL RESIDENCIAL IX,PUERTA REAL RESIDENCIAL IX
PUERTA REAL RESIDENCIAL SECC. CORDOVA,PUERTA REAL RESIDENCIAL SECC. CORDOVA
PUERTA REAL RESIDENCIAL V,PUERTA REAL RESIDENCIAL V
PUERTA REAL RESIDENCIAL VII ETAPA,PUERTA REAL RESIDENCIAL VII ETAPA
PUERTA REAL RESIDENCIAL VII SEGUNDA SECCION,PUERTA REAL RESIDENCIAL VII SEGUNDA SECCION
PUERTA REAL RESIDENCIAL X,PUERTA REAL RESIDENCIAL X
PUERTA REAL RESIDENCIAL XX ETAPA,PUERTA REAL RESIDENCIAL 8A ETAPA
PUERTA REAL SECCION DIAMANTE,PUERTA REAL SECCION DIAMANTE
PUERTA REAL VI,PUERTA REAL VI
PUERTA REAL VI 2DA SECCION,PUERTA REAL VI 2DA SECCION
PUERTA REAL VI ETAPA,PUERTA REAL VI ETAPA
PUERTA REAL VIII,PUERTA REAL VIII
PUERTA REAL XVIII,PUERTA REAL XVIII
PUESTA DEL SOL,PUESTA DEL SOL
PUNTA BELLA,PUNTA BELLA
PUNTA CHUECA,PUNTA CHUECA
PUNTA DE LAGO RESIDENCIAL,PUNTA DE LAGO RESIDENCIAL
PUNTA DEL LAGO,PUNTA DEL LAGO
PV.ARAGON,PV.ARAGON
QUINTA DE LOS MEZQUITES,QUINTA DE LOS MEZQUITES
QUINTA EMILIA,QUINTA EMILIA
QUINTA ESMELRALDA,QUINTA ESMELRALDA
QUINTA ESMERAL,QUINTA ESMERALDA
QUINTA ESMERALDA,QUINTA ESMERALDA
QUINTA ESMERALDA|,QUINTA ESMELRALDA
QUINTA ESPERALDA,QUINTA ESPERALDA
QUINTA LA PALOMA,QUINTA LA PALOMAS
QUINTA LA PALOMAS,QUINTA LA PALOMAS
QUINTA REAL,QUINTA REAL
QUINTAS DEL SOL  RESIDENCIAL,QUINTAS DEL SOL  RESIDENCIAL
QUINTAS DEL SOL ETAPA 10,QUINTAS DEL SOL ETAPA 10
QUINTAS DEL SOL ETAPAS II V VII  X,QUINTAS DEL SOL ETAPAS II V VII  X
QUINTAS DEL SOL RESIDENCIAL,QUINTAS DEL SOL  RESIDENCIAL
QUINTAS DEL SOL RESIDENCIAL ETAPA VII,QUINTAS DEL SOL RESIDENCIAL ETAPA VII
QUINTAS DEL SOL XI Y XII,QUINTAS DEL SOL XI Y XII
QUINTAS DEL SUR,QUINTAS DEL SUR
QUINTAS GALICIA,QUINTAS GALICIA
QUINTAS RESIDENCIAL,QUINTAS RESIDENCIAL
QUINTASA DEL SOL,QUINTASA DEL SOL
QUNTA ESMERALDA,QUNTA ESMERALDA
RACQUET CLUB II,RACQUET CLUB II
RACQUET CLUB II SECC NORTE,RACQUET CLUB II SECC NORTE
"RACQUET CLUB II, SECC. NORTE",RACQUET CLUB II SECC NORTE
RAL DEL CARMEN,REAL DEL CARMEN
RAMON CORRAL,RAMON CORRAL
RANCHERIA LA VICTORIA,RANCHERIA LA VICTORIA
RANCHERIA SAN BARTOLO,RANCHERIA SAN BARTOLO
RANCHERIA SAN FRANCISCO (LOCALIDAD RURAL),RANCHERIA SAN FRANCISCO (LOCALIDAD RURAL)
RANCHERIA SAN JOSE (SAN PEDRO EL SAUCITO,RANCHERIA SAN JOSE (SAN PEDRO EL SAUCITO
RANCHITO,RANCHITO
RANCHO BONIT,RANCHO BONITO
RANCHO BONITO,RANCHO BONITO
RANCHO DIANA,RANCHO DIANA
RANCHO GRANDE,RANCHO GRANDE
RANCHO GRANDE ALTARES,RANCHO GRANDE ALTARES
RANCHO LAS COCHERAS,RANCHO LAS COCHERAS
RANCHO MI SUEÑO,RANCHO MI SUEÑO
RANCHO SAN IGNACIO,RANCHO SAN IGNACIO
RANCHO SANTO NIÑO,RANCHO SANTO NIÑO
RAQUET CLUB,RAQUET CLUB
RAQUET CLUB I SECCION SUR,RAQUET CLUB I SECCION SUR
REAL CARMEN,REAL CARMEN
REAL DE 14,REAL DE 14
REAL DE CASTILA,REAL DE CASTILLA
REAL DE CASTILLA,REAL DE CASTILLA
REAL DE COBRE,REAL DEL COBRE
REAL DE MA MARQUEZA,REAL DE MA MARQUEZA
REAL DE MINAS,REAL DE MINAS
REAL DE MONTEJO,REAL DE MONTEJO
REAL DE PITIC,REAL DE PITIC
REAL DE QUIROGA,REAL DE QUIROGA
REAL DE QUIROGA SECCION MADRIGAL,REAL DE QUIROGA SECCION MADRIGAL
REAL DE SEVILLA,REAL DE SEVILLA
REAL DE SEVILLA II ETAPA,REAL DE SEVILLA II ETAPA
REAL DE TOLEDO,REAL DE TOLEDO
REAL DE TOLEDO RESIDENCIAL,REAL DE TOLEDO RESIDENCIAL
REAL DE VALLE,REAL DEL VALLE
REAL DEL ALAMITO,REAL DEL ALAMITO
REAL DEL ALAMITO PRIMERA SECCION,REAL DEL ALAMITO PRIMERA SECCION
REAL DEL ALAMITO SECCION 2,REAL DEL ALAMITO SECCION 2
REAL DEL ALAMITO SECCION RIO BONITO,REAL DEL ALAMITO SECCION RIO BONITO
REAL DEL ALAMITO SECCION Z,REAL DEL ALAMITO SECCION Z
REAL DEL ALAMITO [FRACCIONAMIENTO CAMPESTRE],REAL DEL ALAMITO [FRACCIONAMIENTO CAMPESTRE]
REAL DEL ARCO,REAL DEL ARCO
REAL DEL CARDO,REAL DEL CARDO
REAL DEL CARMEN,REAL DEL CARMEN
REAL DEL CARMEN II,REAL DEL CARMEN II
REAL DEL CARMEN III,REAL DEL CARMEN III
REAL DEL CARMEN IV,REAL DEL CARMEN IV
REAL DEL CARMEN RESID.,REAL DEL CARMEN RESID.
REAL DEL CARMEN RESIDENCIAL,REAL DEL CARMEN RESIDENCIAL
REAL DEL CARMEN V SECCION,REAL DEL CARMEN V SECCION
REAL DEL CENTENARIO,REAL DEL CENTENARIO
REAL DEL COBRE,REAL DEL COBRE
REAL DEL LLANO,REAL DEL LLANO
REAL DEL MOLINITO [CAMPESTRE],REAL DEL MOLINITO [CAMPESTRE]
REAL DEL MONTEJO,REAL DE MONTEJO
REAL DEL SEBILLA,REAL DEL SEBILLA
REAL DEL TOLEDO,REAL DE TOLEDO
REAL DEL VALLE,REAL DEL VALLE
REAL SE SEVILLA,REAL DE SEVILLA
RED 2000,RED 2000
REFORMA,REFORMA
REFORMA NORTE,REFORMA NORTE
RENACERES RESIDENCIAL,RENACERES RESIDENCIAL
RENACIMIENTO,RENACIMIENTO
RESEIDENCIAL PENASCO,RESIDENCIAL PEÑASCO
RESIDENCIAL ALAMOS,RESIDENCIAL ALAMOS
RESIDENCIAL ALONDRA,RESIDENCIAL ALONDRA
RESIDENCIAL ALTACALIFORNIA,RESIDENCIAL ALTACALIFORNIA
RESIDENCIAL ARIZONA,RESIDENCIAL ARIZONA
RESIDENCIAL BRITANIA,RESIDENCIAL BRITANIA
RESIDENCIAL CAPISTRANO,RESIDENCIAL CAPISTRANO
RESIDENCIAL CONDOMINAL,RESIDENCIAL CONDOMINAL
RESIDENCIAL CORDOBA,RESIDENCIAL CORDOBA
RESIDENCIAL COUNTRY CLUB,RESIDENCIAL COUNTRY CLUB
RESIDENCIAL DE ALCALA,RESIDENCIAL DE ALCALA
RESIDENCIAL DE ANZA,RESIDENCIAL DE ANZA
RESIDENCIAL DE LOS ALTOS,RESIDENCIAL DE LOS ALTOS
RESIDENCIAL DE TOLEDO,RESIDENCIAL DE TOLEDO
RESIDENCIAL DEL CID,RESIDENCIAL DEL CID
RESIDENCIAL DEL MONTE,RESIDENCIAL DEL MONTE
RESIDENCIAL EL ENCANTO,RESIDENCIAL EL ENCANTO
RESIDENCIAL ESMERALDA,RESIDENCIAL ESMERALDA
RESIDENCIAL ESTANZA,RESIDENCIAL ESTANZA
RESIDENCIAL FIRENCE,RESIDENCIAL FIRENCE
RESIDENCIAL FLAMINGOS,RESIDENCIAL FLAMINGOS
RESIDENCIAL FRESNOS,RESIDENCIAL FRESNOS
RESIDENCIAL GALA,RESIDENCIAL GALA
RESIDENCIAL HACIENDAS,RESIDENCIAL HACIENDAS
RESIDENCIAL KINO,RESIDENCIAL KINO
RESIDENCIAL LA CAÑADA,RESIDENCIAL LA CAÑADA
RESIDENCIAL LA CIMA,RESIDENCIAL LA CIMA
RESIDENCIAL LA ENCANTADA,RESIDENCIAL LA CAÑADA
RESIDENCIAL LA HACIENDA,RESIDENCIAL LA HACIENDA
RESIDENCIAL LA RIOJA NORTE,RESIDENCIAL LA RIOJA NORTE
RESIDENCIAL LA VENDIMIA,RESIDENCIAL LA VENDIMIA
RESIDENCIAL LOS SANTOS,RESIDENCIAL LOS SANTOS
RESIDENCIAL MEDITERRANEO,RESIDENCIAL MEDITERRANEO
RESIDENCIAL MESA VERDE,RESIDENCIAL MESA VERDE
RESIDENCIAL NAVARRETE,RESIDENCIAL NAVARRETE
RESIDENCIAL PEÑASCO,RESIDENCIAL PEÑASCO
RESIDENCIAL PIMA,RESIDENCIAL PIMA
RESIDENCIAL RANCHO SAN IGNACIO,RESIDENCIAL RANCHO SAN IGNACIO
RESIDENCIAL REAL DE CASTILLA,RESIDENCIAL REAL DE CASTILLA
RESIDENCIAL REAL DE TOLEDO,RESIDENCIAL REAL DE TOLEDO
RESIDENCIAL RIO SECO,RESIDENCIAL RIO SECO
RESIDENCIAL RIOJA NORTE,RESIDENCIAL LA RIOJA NORTE
RESIDENCIAL SAN ANTONIO,RESIDENCIAL SAN ANTONIO
RESIDENCIAL SANTA FE,RESIDENCIAL SANTA FE
RESIDENCIAL SANTERRA,RESIDENCIAL SANTERRA
RESIDENCIAL SEVILLA,RESIDENCIAL SEVILLA
RESIDENCIAL TERRAZAS DEL MIRADOR,RESIDENCIAL TERRAZAS DEL MIRADOR
RESIDENCIAL TOLEDO,RESIDENCIAL TOLEDO
RESIDENCIAL VALLE DEL LAGO,RESIDENCIAL VALLE DEL LAGO
RESIDENCIAL VENTURA,RESIDENCIAL VENTURA
RESIDENCIAL VERONA,RESIDENCIAL VERONA
RESIDENCIAL VILLA BONITA,RESIDENCIAL VILLA BONITA
RESIDENCILA VENTURA,RESIDENCIAL VENTURA
RESIDENCIOAL CORSICA,RESIDENCIOAL CORSICA
RESIENCIAL VILLA CONCORDIA,RESIENCIAL VILLA CONCORDIA
RETORNO ARCO IRIS,RETORNO ARCO IRIS
RETORNO DE LA MISION,RETORNO DE LA MISION
RETORNO EL DORADO PRIMERA SECC.,RETORNO EL DORADO PRIMERA SECC.
RETORNO JALAPA,RETORNO JALAPA
RETORNO LA MISION,RETORNO LA MISION
RETORNO LA REJA,RETORNO LA REJA
REVOLUCION,REVOLUCION
REVOLUCION 1,REVOLUCION 1
REVOLUCION 2,REVOLUCION 2
REVOLUCION I,REVOLUCIÓN I
REVOLUCIÓN I,REVOLUCIÓN I
REVOLUCIÓN II,REVOLUCIÓN II
RINC0N AGRADABLE,RINCON AGRADABLE
RINCON AGRADABLE,RINCON AGRADABLE
RINCON DE GUADALUPE LAS AVISPAS,RINCON DE GUADALUPE LAS AVISPAS
RINCON DE LA HERRADURA,RINCÓN DE LA HERRADURA
RINCON DE LAS FLORES,RINCON DE LAS FLORES
RINCON DE MARQUEZ,RINCON DEL MARQUEZ
RINCON DE PALMAS,RINCÓN DE PALMAS
RINCON DEL MARQUEZ,RINCON DEL MARQUEZ
RINCON DEL RAQUET RESIDENCIAL,RINCON DEL RAQUET RESIDENCIAL
RINCONADA DE LA CRUZ,RINCONADA DE LA CRUZ
RINCONADA DE NUEVO LEON,RINCONADA DE NUEVO LEON
RINCONADA NUEVO LEON,RINCONADA DE NUEVO LEON
RINCÓN DE LA HERRADURA,RINCÓN DE LA HERRADURA
RINCÓN DE PALMAS,RINCÓN DE PALMAS
RINCÓN DEL MARQUEZ,RINCON DEL MARQUEZ
RIO AZUL ESMERALDA [CAMPESTRE],RIO AZUL ESMERALDA [CAMPESTRE]
RIO AZUL SECCION TURQUESA,RIO AZUL SECCION TURQUESA
RIO BONITO,RIO BONITO
RIO DE LA PLATA RESIDENCIAL,RIO DE LA PLATA RESIDENCIAL
RIO DE PLATA,RIO DE PLATA
RIO GRANDE,RIO GRANDE
RIO SECO,RIO SECO
RIO SONORA,RIO SONORA
RIOJA NORTE RESIDENCIAL,RIOJA NORTE RESIDENCIAL
RIOJAS RESIDENCIAL,RIOJAS RESIDENCIAL
RIVELLO RESIDENCIAL,RIVELLO RESIDENCIAL
ROMANZA RESIDENCIAL,ROMANZA RESIDENCIAL
ROSALES,ROSALES
ROSARIO I DE PIEDRA,ROSARIO I. DE PIEDRA
ROSARIO I. DE PIEDRA,ROSARIO I. DE PIEDRA
ROSELLA,ROSELLA
RURAL,RURAL
SA JOSE DE LAS MINITAS,SAN JOSE DE LAS MINITAS
SABINOS,SABINOS
SABINOSBRITANIA,SABINOSBRITANIA
SACRAMENTO,SACRAMENTO
SACRAMENTO RESIDENCIAL,SACRAMENTO RESIDENCIAL
SAHUARIA INDECO,SAHUARIA INDECO
SAHUARIPA UNO,SAHUARIPA UNO
SAHUARO,SAHUARO
SAHUARO 1,SAHUARO 1
SAHUARO FINAL,SAHUARO FINAL
SAHUARO INDECO,SAHUARO INDECO
SALAMANCA RESIDENCIAL,SALAMANCA RESIDENCIAL
SALAMANCA RESIDENCIAL SEGUNDA ETAPA,SALAMANCA RESIDENCIAL SEGUNDA ETAPA
SALVADOR ALVARADO,SALVADOR ALVARADO
SALVADOR ALVARADO (LOCALIDAD RURAL),SALVADOR ALVARADO (LOCALIDAD RURAL)
SALVADOR ALVARADO\MIGUEL ALEMAN (LA DOCE),SALVADOR ALVARADO\MIGUEL ALEMAN (LA DOCE)
SALVATIERRA RESIDENCIAL,SALVATIERRA RESIDENCIAL
SAN AGUSTIN,SAN AGUSTIN
SAN ALBERTO (POBLADO),SAN ALBERTO (POBLADO)
SAN ALFREDO,SAN ALFREDO
SAN ANDRES RESIDENCIAL,SAN ANDRÉS RESIDENCIAL
SAN ANDRÉS RESIDENCIAL,SAN ANDRÉS RESIDENCIAL
SAN ANGEL,SAN ANGEL
SAN ANITA RESIDENCIAL,SANTA ANITA RESIDENCIAL
SAN ANTONIO,SAN ANTONIO
SAN ANTONIO (UNIVERSIDAD SONORA),SAN ANTONIO (UNIVERSIDAD SONORA)
SAN ARTURO,SAN ARTURO
SAN BARTOLO,SAN BARTOLO
SAN BENITO,SAN BENITO
SAN BERNARDINO,SAN BERNARDINO
SAN BERNARDINO ETAPA 1,SAN BERNARDINO ETAPA 1
SAN BERNARDINO ETAPA 2,SAN BERNARDINO ETAPA 2
SAN BERNARDINO ETAPA 3,SAN BERNARDINO ETAPA 3
SAN BERNARDINO ETAPA 4,SAN BERNARDINO ETAPA 4
SAN BOSCO,SAN BOSCO
SAN CARLOS RESIDENCIAL,SAN CARLOS RESIDENCIAL
SAN DIEGO,SAN DIEGO
SAN ENRIQUE (EL SUSPIRO),SAN ENRIQUE (EL SUSPIRO)
SAN FELIPE,SAN FELIPE
SAN FERMIN,SAN FERMIN
SAN FERNANDO (PRESA ABELARDO LUJAN),SAN FERNANDO (PRESA ABELARDO LUJAN)
SAN FRANCISCO,SAN FRANCISCO
SAN FRANCISCO (EL SAHUARAL),SAN FRANCISCO (EL SAHUARAL)
SAN FRANCISCO (RANCHO),SAN FRANCISCO (RANCHO)
SAN FRANCISCO DE BATUC,SAN FRANCISCO DE BATUC
SAN FRANCISCO RESIDENCIAL,SAN FRANCISCO RESIDENCIAL
SAN FRANCISCO VALLE RESIDENCIAL,SAN FRANCISCO VALLE RESIDENCIAL
SAN GERMAN,SAN GERMAN
SAN GERONIMO,SAN GERONIMO
SAN GUSTAVO,SAN GUSTAVO
SAN HERMINIO (LOS ANGELES),SAN HERMINIO (LOS ANGELES)
SAN IGNACIO,SAN IGNACIO
SAN ISIDRO,SAN ISIDRO
SAN ISIDRO DOS,SAN ISIDRO DOS
SAN ISIDRO/ EL TRIUNFITO,SAN ISIDRO/ EL TRIUNFITO
SAN ISISDRO,SAN ISIDRO
SAN JAVIER,SAN JAVIER
SAN JAVIER (LOCALIDAD RURAL),SAN JAVIER (LOCALIDAD RURAL)
SAN JERONIMO,SAN JERONIMO
SAN JOAQUIN (SANTA MARIA),SAN JOAQUIN (SANTA MARIA)
SAN JORGE (HERCULES),SAN JORGE (HERCULES)
SAN JOSE (RANCHO),SAN JOSE (RANCHO)
SAN JOSE DE GRACIA,SAN JOSE DE GRACIA
SAN JOSE DE LAS MINITAS,SAN JOSE DE LAS MINITAS
SAN JOSE DE MORADILLAS,SAN JOSE DE MORADILLAS
SAN JUAN,SAN JUAN
SAN JUAN BOSCO,SAN JUAN BOSCO
SAN JUAN DE LOS PINOS,SAN JUAN DE LOS PINOS
SAN JUANICO,SAN JUANICO
SAN JUDAS TADEO,SAN JUDAS TADEO
SAN LEONARDO,SAN LEONARDO
SAN LORENZO,SAN LORENZO
SAN LUIS,SAN LUIS
SAN LUIS (RANCHO),SAN LUIS (RANCHO)
SAN LUIS (SANTA TERESA),SAN LUIS (SANTA TERESA)
SAN LUIS NORTE,SAN LUIS NORTE
SAN LUIS REY,SAN LUIS REY
SAN MARCOS,SAN MARCOS
SAN MARCOS (LOCALIDAD RURAL),SAN MARCOS (LOCALIDAD RURAL)
SAN MARCOS II,SAN MARCOS II
SAN MARCOS RESIDENCIAL,SAN MARCOS RESIDENCIAL
SAN MARTIN (RANCHERIA),SAN MARTIN (RANCHERIA)
SAN MASRCOS,SAN MARCOS
SAN NICOLAS,SAN NICOLAS
SAN NICOLAS (SAN NICOLAS DE KINO),SAN NICOLAS (SAN NICOLAS DE KINO)
SAN PABLO,SAN PABLO
SAN PEDRITO,SAN PEDRITO
SAN PEDRO,SAN PEDRO
SAN PEDRO EL SAUCITO,SAN PEDRO EL SAUCITO
SAN PEDRO SAUCITO (HERMOSILLO),SAN PEDRO SAUCITO (HERMOSILLO)
SAN RAFAEL,SAN RAFAEL
SAN RAFAEL [CAMPESTRE],SAN RAFAEL [CAMPESTRE]
SAN RAMON (LOCALIDAD RURAL),SAN RAMON (LOCALIDAD RURAL)
SAN RAMON (RANCHO),SAN RAMON (RANCHO)
SAN SEBASTIAN,SAN SEBASTIÁN
SAN SEBASTIAN (RANCHO),SAN SEBASTIAN (RANCHO)
SAN SEBASTIÁN,SAN SEBASTIÁN
SANMARCOS,SANMARCOS
SANTA ANITA,SANTA ANITA
SANTA ANITA RESIDENCIAL,SANTA ANITA RESIDENCIAL
SANTA AURELIA,SANTA AURELIA
SANTA BARBARA,SANTA BARBARA
SANTA BÁRBARA,SANTA BARBARA
SANTA CARMEN,SANTA CARMEN
SANTA CECILIA,SANTA CECILIA
SANTA CECILIA (LA ESCONDIDA),SANTA CECILIA (LA ESCONDIDA)
SANTA CECILIA (LICONA),SANTA CECILIA (LICONA)
SANTA CLARA,SANTA CLARA
SANTA CRUZ,SANTA CRUZ
SANTA CRUZ (PRIVADA),SANTA CRUZ (PRIVADA)
SANTA EDUWIGES (RANCHO),SANTA EDUWIGES (RANCHO)
SANTA ELENA (RANCHO),SANTA ELENA (RANCHO)
SANTA ENGRACIA PRIVADA RESIDENCIAL,SANTA ENGRACIA PRIVADA RESIDENCIAL
SANTA FE,SANTA FE
SANTA INES,SANTA INES
SANTA INES DOS (POZO NUEVO),SANTA INES DOS (POZO NUEVO)
SANTA INÉS UNO (EL CAPITÁN),SANTA INÉS UNO (EL CAPITÁN)
SANTA ISABEL,SANTA ISABEL
SANTA LUCIA,SANTA LUCIA
SANTA LUCIA III ETAPA,SANTA LUCIA III ETAPA
SANTA LUCIA RESIDENCIAL,SANTA LUCIA RESIDENCIAL
SANTA LUCINA [CAMPESTRE],SANTA LUCINA [CAMPESTRE]
SANTA MARGARITA (LOCALIDAD RURAL),SANTA MARGARITA (LOCALIDAD RURAL)
SANTA MARIA,SANTA MARIA
SANTA MARTHA,SANTA MARTHA
SANTA MARTHA (FRACCIONAMIENTO),SANTA MARTHA (FRACCIONAMIENTO)
SANTA MARTHA UNO (EL MOLINO),SANTA MARTHA UNO (EL MOLINO)
SANTA MONICA,SANTA MONICA
SANTA MONICA (RANCHERIA),SANTA MONICA (RANCHERIA)
SANTA PAULINA [AGRICOLA],SANTA PAULINA [AGRICOLA]
SANTA REGINA,SANTA REGINA
SANTA RITA (RANCHO),SANTA RITA (RANCHO)
SANTA ROSA,SANTA ROSA
SANTA ROSALIA,SANTA ROSALIA
SANTA ROSARIO,SANTA ROSARIO
SANTA TERESA LA CONCORDIA (EL COPECHI),SANTA TERESA LA CONCORDIA (EL COPECHI)
SANTA TERESITA,SANTA TERESITA
SANTA VALERIA [ARENA DE RODEO ],SANTA VALERIA [ARENA DE RODEO ]
SANTE FE,SANTE FE
SANTERRA RESIDENCIAL,SANTERRA RESIDENCIAL
SANTO NIÑO,SANTO NIÑO
SARATOGA,SARATOGA
SARATOGA RESIDENCIAL,SARATOGA RESIDENCIAL
SECC ALAMOS,SECC ALAMOS
SECCION CORDOVA RESIDENCIAL,SECCION CORDOVA RESIDENCIAL
SECCION LAS PLACITAS,SECCION LAS PLACITAS
SECCION LOS ALAMOS,SECCION LOS ALAMOS
SECCION PLACITAS,SECCION PLACITAS
SECCION SANTA MONICA,SECCION SANTA MONICA
SECTOR A\MIGUEL ALEMAN (LA DOCE),SECTOR A\MIGUEL ALEMAN (LA DOCE)
SECTOR B\MIGUEL ALEMAN (LA DOCE),SECTOR B\MIGUEL ALEMAN (LA DOCE)
SECTOR CTEL FFCC,SECTOR CTEL FFCC
SECTOR C\MIGUEL ALEMAN (LA DOCE),SECTOR C\MIGUEL ALEMAN (LA DOCE)
SECTOR D\MIGUEL ALEMAN (LA DOCE),SECTOR D\MIGUEL ALEMAN (LA DOCE)
SEDONA RESIDENCIAL,SEDONA RESIDENCIAL
SEMINARIO,SEMINARIO
SEMINARIO RDCIAL,SEMINARIO RDCIAL
SIENA RESIDENCIAL,SIENA RESIDENCIAL
SIENNA RESIDENCIAL,SIENNA RESIDENCIAL
SIERRA ALTA,SIERRA ALTA
SIERRA BLANCA,SIERRA BLANCA
SIERRA BONITA,SIERRA BONITA
SIERRA CLARA,SIERRA CLARA
SIERRA COLORADA,TIERRA COLORADA
SIERRA VISTA,SIERRA VISTA
SIETE CERROS,SIETE CERROS
SIETE CERROS (CERO NORTE),SIETE CERROS (CERO NORTE)
SIN CLASIFICAR,SIN CLASIFICAR
SIN COLONIA,SIN COLONIA
SIN NOMBRE,SIN NOMBRE
SOILIDARIDAD,SOILIDARIDAD
SOL AGUILAR,SOL AGUILAR
SOL AGUILAR (EL TRIUNFO),SOL AGUILAR (EL TRIUNFO)
SOLARE,SOLARE
SOLEI ETAPA IV Y V,SOLEI ETAPA IV Y V
SOLEIL RESIDENCIAL,SOLEIL RESIDENCIAL
SOLEIL RESIDENCIAL ETAPA 3,SOLEIL RESIDENCIAL ETAPA 3
SOLEIL RESIDENCIAL ETAPA 4,SOLEIL RESIDENCIAL ETAPA 4
SOLIDARIDAD,SOLIDARIDAD
SOLIDARIDAD IV ETAPA,SOLIDARIDAD IV ETAPA
SOLIDARIDAD V,SOLIDARIDAD V
SOLIDARIDAD V ETAPA,SOLIDARIDAD IV ETAPA
SOLIDARIDAD V-FRANCISCO ROMERO,SOLIDARIDAD V-FRANCISCO ROMERO
SOLIDARIDAD-VILDOSOLA (ZONA SUR),SOLIDARIDAD-VILDOSOLA (ZONA SUR)
SONACER,SONACER
SONOMEX,SONOMEX
SONORA HORTALIZAS Y FRUTALES,SONORA HORTALIZAS Y FRUTALES
STANZA,STANZA
STANZA CASTELLO,STANZA CASTELLO
STANZA FLORENZA RESIDENCIAL,STANZA FLORENZA RESIDENCIAL
STANZA RESIDENCIAL,STANZA RESIDENCIAL
STANZA SOLARE,STANZA SOLARE
STAUS,STAUS
SUBASTA,SUBASTA
TABACHINES,TABACHINES
TASTIOTA,TASTIOTA
TEC MILENIO,TEC MILENIO
TELEFONISTA,TELEFONISTA
TEPITO,TEPITO
TERRA BLANCA,TIERRA BLANCA
TERRA NUEVA,TIERRA NUEVA
TERRABLANCA,TERRABLANCA
TERRANOVA,TERRANOVA
TERRAZAS DEL MIRADOR,TERRAZAS DEL MIRADOR
TERRENO TELEFONISTAS,TERRENO TELEFONISTAS
TERRENOS CAMPESTRES NUEVO AMANECER,TERRENOS CAMPESTRES NUEVO AMANECER
TIERRA BLANCA,TIERRA BLANCA
TIERRA BONITA,TIERRA BONITA
TIERRA BONITA [CAMPESTRE],TIERRA BONITA [CAMPESTRE]
TIERRA COLORADA,TIERRA COLORADA
TIERRA NUEVA,TIERRA NUEVA
TIERRA NUEVA QUINTA ETAPA,TIERRA NUEVA QUINTA ETAPA
TIRO AL BLANCO,TIRO AL BLANCO
TIROCAPES,TIROCAPES
TOPACIO RESIDENCIAL,TOPACIO RESIDENCIAL
TOPAHUE,TOPAHUE
TORRALBA,TORRALBA
TORRALBA RESIDENCIAL,TORRALBA RESIDENCIAL
TORRE DE PIEDRA,TORRE DE PIEDRA
TORRE DE PLATA,TORRE DE PLATA
TORRE PLATA,TORRE PLATA
TORREON,TORREON
TORREPLATA,TORREPLATA
TOSALI,TOSALI
TRES REYES,TRES REYES
TRES REYNAS INVASION,TRES REYNAS INVASION
TRINIDAD SANCHEZ LEYVA,TRINIDAD SANCHEZ LEYVA
TRONCONAL,TRONCONAL
TUBAC,TUBAC
TULIPANES RESIDENCIAL,TULIPANES RESIDENCIAL
TUMACACORI,TUMACACORI
TURIN,TURIN
UNA COLONIA AL SUR DE VISTA REAL,UNA COLONIA AL SUR DE VISTA REAL
UNIDAD HABITACIONAL ZONA MILITAR,UNIDAD HABITACIONAL ZONA MILITAR
UNION DE COLONOS,UNIÓN DE COLONOS
UNION DE LADRILLEROS,UNION DE LADRILLEROS
UNION DE LADRILLEROS II,UNION DE LADRILLEROS II
UNION DE PRODUCTORES DE LADRILLO CERRO COLORADO PO,UNION DE PRODUCTORES DE LADRILLO CERRO COLORADO PO
UNION DE PRODUCTORES DE LADRILLO CERRO COLORADO PONIENTE A.C,UNION DE PRODUCTORES DE LADRILLO CERRO COLORADO PONIENTE A.C
UNIVERSIDAD,UNIVERSIDAD
UNIVERSIDAD DE SONORA,UNIVERSIDAD DE SONORA
UNIÓN DE COLONOS,UNIÓN DE COLONOS
UNIÓN DE LADRILLEROS,UNION DE LADRILLEROS
UNUIN DE LADRILLEROS,UNION DE LADRILLEROS
URBI ALAMEDA ENCINOS I,URBI ALAMEDA ENCINOS I
URBI ALAMEDA ENCINOS II,URBI ALAMEDA ENCINOS II
URBI ALAMEDA LOS ENCINOS,URBI ALAMEDA LOS ENCINOS
URBI ALAMEDA LOS ENCINOS II,URBI ALAMEDA LOS ENCINOS II
URBI ALAMEDA LOS ENCINOS RESIDENCIAL I,URBI ALAMEDA LOS ENCINOS RESIDENCIAL I
URBI ALAMEDA LOS ENCINOS RESIDENCIAL II,URBI ALAMEDA LOS ENCINOS RESIDENCIAL II
URBI ALAMEDA LOS ENCIONAS RESIDENCIAL II,URBI ALAMEDA LOS ENCINOS RESIDENCIAL II
URBI ALAMEDA LOS FRESNOS,URBI ALAMEDA LOS FRESNOS
URBI ALAMEDA LOS FRESNOS RDCIAL,URBI ALAMEDA LOS FRESNOS RDCIAL
URBI ALAMEDA SECCION LOS FRESNO,URBI ALAMEDA SECCION LOS FRESNO
URBI DE ALAMEDA LOS FRENOS,URBI DE ALAMEDA LOS FRENOS
URBI VILLA,URBI VILLA
URBI VILLA ALAMEDA FRESNOS,URBI VILLA ALAMEDA FRESNOS
URBI VILLA CAMPESTRE,URBI VILLA CAMPESTRE
URBI VILLA DE LOS FRESNOS,URBI VILLA DE LOS FRESNOS
URBI VILLA DEL CEDRO,URBI VILLA DEL CEDRO
URBI VILLA DEL CEDRO SECCION 2,URBI VILLA DEL CEDRO SECCION 2
URBI VILLA DEL PRADO,URBIVILLA DEL PRADO
URBI VILLA DEL REY,URBI VILLA DEL REY
URBI VILLA DEL REY II,URBI VILLA DEL REY II
URBI VILLA DEL REY III SECCION ENCINOS 1,URBI VILLA DEL REY III SECCION ENCINOS 1
URBI VILLA DEL REY III SECCION LOS ENCINOS ETAPA I,URBI VILLA DEL REY III SECCION LOS ENCINOS ETAPA I
URBI VILLA FRESNOS RESIDENCIAL,URBI VILLA FRESNOS RESIDENCIAL
URBI VILLA SECCION FRESNOS,URBI VILLA SECCION FRESNOS
URBIVILLA DEL PRADO,URBIVILLA DEL PRADO
VADO DEL RIO,VADO DEL RIO
VALLADOLID,VALLADOLID
VALLE BONITO,VALLE BONITO
VALLE DE AGUALURCA,VALLE DE AGUALURCA
VALLE DE ARANDAS,VALLE DE ARANDAS
VALLE DE ARANDAS RESIDENCIAL,VALLE DE ARANDAS RESIDENCIAL
VALLE DE JEREZ,VALLE DE JEREZ
VALLE DE LAGO,VALLE DEL LAGO
VALLE DE LOS ALMENDROS,VALLE DE LOS ALMENDROS
VALLE DE MARQUEZ,VALLE DE MARQUEZ
VALLE DE SANTA MONICA,VALLE DE SANTA MONICA
VALLE DEL CONEJO,VALLE DEL CONEJO
VALLE DEL LAGO,VALLE DEL LAGO
VALLE DEL MARQUEZ,VALLE DE MARQUEZ
VALLE DEL PORTAL,VALLE DEL PORTAL
VALLE DEL QIROGA,VALLE DEL QUIROGA
VALLE DEL QUIROGA,VALLE DEL QUIROGA
VALLE DEL SOL,VALLE DEL SOL
VALLE DLE MARQUEZ,VALLE DE MARQUEZ
VALLE DORADO,VALLE DORADO
VALLE ESCONDIDO,VALLE ESCONDIDO
VALLE GRANDE,VALLE GRANDE
VALLE HERMOSO,VALLE HERMOSO
VALLE SANTA MONICA,VALLE SANTA MÓNICA
VALLE SANTA MÓNICA,VALLE SANTA MÓNICA
VALLE VERDE,VALLE VERDE
VALLE VERDE (LOCALIDAD RURAL),VALLE VERDE (LOCALIDAD RURAL)
VALLES DEL LAGO,VALLES DEL LAGO
VALLES DEL LAGO SECC ATARDECER,VALLES DEL LAGO SECC ATARDECER
VALLES DEL LAGO SECC. AMANECERES,VALLES DEL LAGO SECC. AMANECERES
VALLES DEL LAGO SECC. ATARDECER,VALLES DEL LAGO SECC ATARDECER
VELAS,VELAS
VENDIMIAS,VENDIMIAS
VENTURA CLUB RESIDENCIAL,VENTURA CLUB RESIDENCIAL
VENTURA CLUB RESIDENCIAL SEGUNDA ETAPA,VENTURA CLUB RESIDENCIAL SEGUNDA ETAPA
VERBENA,VERBENA
VEREDAS,VEREDAS
VERONA,VERONA
VERONA RESIDENCIAL,VERONA RESIDENCIAL
VERONICA ANZURES,VERONICA ANZURES
VERSALLES,VERSALLES
VERSALLES RESIDENCIAL,VERSALLES RESIDENCIAL
VICENTE GUERRERO,VICENTE GUERRERO
VICTORIA,VICTORIA
VILLA BONITA,VILLA BONITA
VILLA CALIFORNIA,VILLA CALIFORNIA
VILLA CALIFORNIA SECC. CORDOVA,VILLA CALIFORNIA SECC. CORDOVA
VILLA COLONIA,VILLA COLONIAL
VILLA COLONIAL,VILLA COLONIAL
VILLA COLONIAL ETAPA III,VILLA COLONIAL ETAPA III
VILLA CORSO,VILLA CORSO
VILLA CORTEZ,VILLA CORTEZ
VILLA DE ALCALA,VILLA DE ALCALA
VILLA DE ARANDAS,VILLA DE ARANDAS
VILLA DE CEDROS,VILLA DE CEDROS
VILLA DE CORCELES,VILLA DE CORCELES
VILLA DE LOS CORCELES,VILLA DE LOS CORCELES
VILLA DE LOS CORCELES SECC. ARDENES,VILLA DE LOS CORCELES SECC. ARDENES
VILLA DE LOS CORCELES SECC. BRAVANTE,VILLA DE LOS CORCELES SECC. BRAVANTE
VILLA DE LOS SAUCES,VILLA DE LOS SAUCES
VILLA DE PARRAS,VILLA DE PARRAS
VILLA DE REAL,VILLA DEL REAL
VILLA DE ROMANZA RESIDENCIAL,VILLA ROMANZA RESIDENCIAL
VILLA DE SAN LORENZO,VILLA DE SAN LORENZO
VILLA DE SANTA MONICA,VILLA DE SANTA MONICA
VILLA DE SERIS,VILLA DE SERIS
VILLA DE SERIS NORTE,VILLA DE SERIS NORTE
VILLA DE SERIS SUR,VILLA DE SERIS SUR
VILLA DEL COLORADO,VILLA DEL COLORADO
VILLA DEL CORTES,VILLAS DE CORTES
VILLA DEL CORTIJO,VILLAS DEL CORTIJO
VILLA DEL LAGO,VILLA DEL LAGO
VILLA DEL PITIC,VILLA DEL PITIC
VILLA DEL PRADO,VILLA DEL PRADO
VILLA DEL REAL,VILLA DEL REAL
VILLA DEL REY,VILLA DEL REY
VILLA DEL REY SECCION CASTAÑOS,VILLA DEL REY SECCION CASTAÑOS
VILLA DEL SERI,VILLA DEL SERI
VILLA DEL SERI NORTE,VILLA DE SERIS NORTE
VILLA DEL SOL,VILLA DEL SOL
VILLA DEL SUR,VILLAS DEL SUR
VILLA DORADA,VILLA DORADA
VILLA ESMERALDA,VILLA ESMERALDA
VILLA FLORENCIA,VILLA FLORENCIA
VILLA FONTANA,VILLA FONTANA
VILLA FRESNOS,VILLA FRESNOS
VILLA GUADALUPE,VILLA GUADALUPE
VILLA GUADALUPE DOS,VILLA GUADALUPE DOS
VILLA HERMOSA,VILLA HERMOSA
VILLA HIDALGO,VILLA HIDALGO
VILLA LOURDES,VILLA LOURDES
VILLA LUZ (EL POCITO),VILLA LUZ (EL POCITO)
VILLA MANANTIAL [CAMPESTRE],VILLA MANANTIAL [CAMPESTRE]
VILLA MERCEDES,VILLA MERCEDES
VILLA MERLOT RESIDENCIAL,VILLA MERLOT RESIDENCIAL
VILLA REAL,VILLA REAL
VILLA RESIDENCIAL,VILLAS RESIDENCIAL
VILLA RESIDENCIAL BONITA ETAPA I AL XII,VILLA RESIDENCIAL BONITA ETAPA I AL XII
VILLA RESIDENCIAL BONITA IX X XI Y XII,VILLA RESIDENCIAL BONITA IX X XI Y XII
"VILLA RESIDENCIAL BONITA IX,X,XI Y XII",VILLA RESIDENCIAL BONITA IX X XI Y XII
VILLA RESIDENCIAL MILAN,VILLA RESIDENCIAL MILAN
VILLA RESIDENCIAL VILLA BONITA,VILLA RESIDENCIAL VILLA BONITA
VILLA ROMANZA RESIDENCIAL,VILLA ROMANZA RESIDENCIAL
VILLA SAN LORENZO,VILLA SAN LORENZO
VILLA SATELITE,VILLA SATÉLITE
VILLA SATÉLITE,VILLA SATÉLITE
VILLA SAUCES,VILLA SAUCES
VILLA SAUCES RESIDENCIAL,VILLA SAUCES RESIDENCIAL
VILLA SOL,VILLA SOL
VILLA SONORA,VILLA SONORA
VILLA SURENA,VILLA SURENA
VILLA SUREÑA,VILLA SURENA
VILLA TOLEDO,VILLA TOLEDO
VILLA TOSCANA,VILLA TOSCANA
VILLA TOSCANA RESIDENCIAL,VILLA TOSCANA RESIDENCIAL
VILLA VENTURA,VILLA VENTURA
VILLA VERDE,VILLA VERDE
VILLA VERDE 4 ETAPA,VILLA VERDE 4 ETAPA
VILLA VERDE 5TA ETAPA,VILLA VERDE 5TA ETAPA
VILLA VERDE IV ETAPA,VILLA VERDE IV ETAPA
VILLAS DE COLORADA,VILLAS DE COLORADA
VILLAS DE CORTES,VILLAS DE CORTES
VILLAS DE CORTEZ,VILLAS DEL CORTEZ
VILLAS DE PALMAR,VILLAS DEL PALMAR
VILLAS DE PARRAS,VILLA DE PARRAS
VILLAS DE ROMANZA,VILLAS DE ROMANZA
VILLAS DE SAN LORENZO,VILLA DE SAN LORENZO
VILLAS DE TURIN,VILLAS DE TURIN
VILLAS DEL CENTENARIO,VILLAS DEL CENTENARIO
VILLAS DEL CERRO COLORADO,VILLAS DEL CERRO COLORADO
VILLAS DEL CORTES,VILLAS DE CORTES
VILLAS DEL CORTEZ,VILLAS DEL CORTEZ
VILLAS DEL CORTIJO,VILLAS DEL CORTIJO
VILLAS DEL MEDITERRANEO,VILLAS DEL MEDITERRANEO
VILLAS DEL MEDITERRANEO II,VILLAS DEL MEDITERRANEO II
VILLAS DEL MEDITERRANEO III,VILLAS DEL MEDITERRANEO III
"VILLAS DEL MEDITERRÁNEO ETAPA II, III","VILLAS DEL MEDITERRÁNEO ETAPA II, III"
VILLAS DEL NOGAL,VILLAS DEL NOGAL
VILLAS DEL PALMAR,VILLAS DEL PALMAR
VILLAS DEL PITIC,VILLA DEL PITIC
VILLAS DEL PRADO,VILLA DEL PRADO
VILLAS DEL REAL,VILLAS DEL REAL
VILLAS DEL SAN LORENZO,VILLA DE SAN LORENZO
VILLAS DEL SERI,VILLA DEL SERI
VILLAS DEL SUR,VILLAS DEL SUR
VILLAS DEL SUR CERRADA VILLLA GUADALUPE,VILLAS DEL SUR CERRADA VILLLA GUADALUPE
VILLAS MONTECARLO,VILLAS MONTECARLO
VILLAS RESIDENCIAL,VILLAS RESIDENCIAL
VILLASUREÑA,VILLASUREÑA
VIRREYES,VIRREYES
VISTA BELLA,VISTA BELLA
VISTA DEL LAGO,VISTA DEL LAGO
VISTA DEL SOL,VISTA DEL SOL
VISTA DEL SOL RESIDENCIAL,VISTA DEL SOL RESIDENCIAL
VISTA HERMOSA,VISTA HERMOSA
VISTA REAL,VISTA REAL
VISTAS,VISTAS
VIVA SONORA,VIVA SONORA
VIÑAS DE LA COSTA (EL CHAMIZAL),VIÑAS DE LA COSTA (EL CHAMIZAL)
VIÑEDO LA COSTA,VIÑEDO LA COSTA
VIÑEDO LA ESPERANZA,VIÑEDO LA ESPERANZA
VIÑEDOS,VIÑEDOS
VOLLAS DE ROMANZA,VILLAS DE ROMANZA
Y GRIEGA,Y GRIEGA
YANITO,YANITO
ZACATON,ZACATON
ZAMORA,ZAMORA
ZAMORA (RANCHO),ZAMORA (RANCHO)
ZASAFRAS RESIDENCIAL,ZASAFRAS RESIDENCIAL
ZONA INDUSTRIAL,ZONA INDUSTRIAL
ZONA INDUSTRIAL (PRESA ABELARDO LUJAN),ZONA INDUSTRIAL (PRESA ABELARDO LUJAN)
ZONA MILITAR CUARTEL XV,ZONA MILITAR CUARTEL XV
adolfo de la huerta,ADOLFO DE LA HUERTA
bicentenario,BICENTENARIO
haciendas del sur,HACIENDAS DEL SUR
nuevo sahuaro,NUEVO SAHUARO
puerta del rey,PUERTA DEL REY
ÁLVARO OBREGÓN,ALVARO OBREGON
