COLONIA_ORIGINAL_SUCIA,COLONIA_CORREGIDA_MAESTRA
10 DE MAYO,10 DE MAYO
1RO DE JULIO,1RO DE JULIO
22 DE SEPTIEMBRE,22 DE SEPTIEMBRE
26 DE OCTUBRE,26 DE OCTUBRE
3 REYNAS,3 REYNAS
14 DE MARZO,4 DE MARZO
4 DE MARZO,4 DE MARZO
4TA ZONA MILITAR,4TA ZONA MILITAR
5 DE MAYO,5 DE MAYO
"5 DE MAYO SECTOR ""A""","5 DE MAYO SECTOR ""A"""
A. LOPEZ MATEOS,A. LOPEZ MATEOS
ACACIA RESIDENCIAL,ACACIAS RESIDENCIAL
ACASSIA BLANCA,ACASSIA BLANCA
ADOLFO DE LA HUERTA,ADOLFO DE LA HUERTA
INVASION ADOLFO DE LA HUERTA,ADOLFO DE LA HUERTA
ADOLFO LOPEZ MATEOS,ADOLFO LOPEZ MATEOS
INVASION ADOLFO LOPEZ MATEOS,ADOLFO LOPEZ MATEOS
AEROPUERTO,AEROPUERTO
AGAVES RESIDENCIAL,AGAVES RESIDENCIAL
AGUALURCA,AGUALURCA
AKIWIKI,AKIWIKI
ALAMEDA,ALAMEDA
ALAMEDA LOS FRESNOS,ALAMEDA LOS FRESNOS
ALBERTO GUTIERREZ,ALBERTO GUTIERREZ
ALBORADA,ALBORADA
ALCALA RESIDENCIAL,ALCALA RESIDENCIAL
ALCALÁ RESIDENCIAL,ALCALÁ RESIDENCIAL
ALCATRAZ\BAHIA DE KINO,ALCATRAZ\BAHIA DE KINO
ALEGRANZA RESIDENCIAL,ALEGRANZA RESIDENCIAL
ALFREDO NORIEGA,ALFREDO NORIEGA
ALONDRAS RESIDENCIAL,ALONDRAS RESIDENCIAL
ALTA CALIFORNIA RESIDENCIAL,ALTA CALIFORNIA RESIDENCIAL
ALTA CALIFORNIA RESIDENCIAL SECC CORONADO,ALTA CALIFORNIA RESIDENCIAL SECC CORONADO
ALTADENA,ALTADENA
ALTA FIRENZE RESIDENCIAL,ALTAFIRENZE RESIDENCIAL
ALTAMIRA,ALTAMIRA
ALTARES,ALTARES
AMPLIACION ALTARES,ALTARES
INVASION ALTARES,ALTARES
ALTARES II,ALTARES II
ALTARES SECCION FRANCISCANOS,ALTARES SECCION FRANCISCANOS
ALTARIA RESIDENCIAL,ALTARIA RESIDENCIAL
ALTARIA RESIDENCIAL SECC. NAPOLES,ALTARIA RESIDENCIAL SECC. NAPOLES
ALTO VALLE,ALTO VALLE
ALTO VALLE SECTOR A,ALTO VALLE SECTOR A
ALTOS DE ARAGON,ALTOS DE ARAGON
ALVARO OBREGON,ALVARO OBREGON
ÁLVARO OBREGÓN,ALVARO OBREGON
AMAPOLA NORTE,AMAPOLA NORTE
AMAPOLAS,AMAPOLAS
ALCATRACES,AMPLIACION ALCATRACES
INVASION ALCATRACES,AMPLIACION ALCATRACES
AMPLIACION COLOSIO,AMPLIACION COLOSIO
AMPLIACION LUIS DONALDO COLOSIO 3RA.ETAPA,AMPLIACION LUIS DONALDO COLOSIO 3RA.ETAPA
AMPLIACIONL LUIS DONALDO COLOSIO 3RA.ETAPA,AMPLIACIONL LUIS DONALDO COLOSIO 3RA.ETAPA
ANDALUCIA,ANDALUCIA
ANDALUCÍA,ANDALUCIA
ANGEL FLORES,ANGEL FLORES
ANGELES CERRADA MIXCOAC,ANGELES CERRADA MIXCOAC
ANTARA RESIDENCIAL,ANTARA RESIDENCIAL
CANTABRIA RESIDENCIAL,ANTARA RESIDENCIAL
ANTONIO PARADA CANO,ANTONIO PARADA CANO
ANTORCHA .,ANTORCHA .
ANTORCHA CAMPESINA,ANTORCHA CAMPESINA
APOLO,APOLO
ARAGON RESIDENCIAL,ARAGON RESIDENCIAL
ARANDANOS RESIDENCIAL,ARANDANOS RESIDENCIAL
ARANDAS RESIDENCIAL,ARANDANOS RESIDENCIAL
ARANJUEZ RESIDENCIAL,ARANJUEZ RESIDENCIAL
ARBOLEDAS,ARBOLEDAS
ARCADIA,ARCADIA
ARCADIA RESIDENCIAL,ARCADIA RESIDENCIAL
ARCADIA SECC. NAPOLES,ARCADIA SECC. NAPOLES
ARCO IRIS,ARCO IRIS
ARDENEZ,ARDENEZ
ARROYOS,ARROYOS
ARTESANOS\BAHIA DE KINO,ARTESANOS\BAHIA DE KINO
ARÁNDANOS,ARÁNDANOS
ASTURIAS RESIDENCIAL,ASTURIAS RESIDENCIAL
ATARDECERES,ATARDECERES
AZORES RESIDENCIAL,AZORES RESIDENCIAL
BACHOCO,BACHOCO
BAGALONA,BAGALONA
BAHIA DE KINO,BAHIA DE KINO
BAHÍA DE KINO,BAHÍA DE KINO
BAHÍA DE KINO NUEVO,BAHÍA DE KINO NUEVO
BALDERRAMA,BALDERRAMA
BANUS,BANUS
BANUS II,BANUS II
BARCELONA RESIDENCIAL,BARCELONA RESIDENCIAL
BARRIO CHULO,BARRIO CHULO
BARRIO DE LA CRUZ\BAHIA DE KINO,BARRIO DE LA CRUZ\BAHIA DE KINO
BELLA VISTA,BELLA VISTA
BENEI RESIDENCIAL,BENEI RESIDENCIAL
BENITO JUAREZ,BENITO JUAREZ
BENITO JUÁREZ,BENITO JUAREZ
BERNARDO ESQUEDA,BERNARDO ESQUEDA
BICENTENARIO,BICENTENARIO
BICENTENARIO 1810,BICENTENARIO 1810
BICENTENARIO 1910,BICENTENARIO 1910
BILBAO RESIDENCIAL,BILBAO RESIDENCIAL
BONANZA,BONANZA
FRACCIONAMIENTO BONANZA,BONANZA
BONILLA,BONILLA
BOSCO RESIDENCIA,BOSCO RESIDENCIA
BRETAÑA,BRETAÑA
BUENA VENTURA,BUENA VENTURA
BUENA VISTA,BUENA VISTA
BUENA VISTA SECCION AMANECERES,BUENA VISTA SECCION AMANECER
BUENAVENTURA,BUENAVENTURA
BUENOS AIRES,BUENOS AIRES
BUGAMBILIA,BUGAMBILIAS
BURGOS PITIC RESIDENCIAL,BURGOS PITIC RESIDENCIAL
CADIZ RESIDENCIAL,CADIZ RESIDENCIAL
CAFE  COMBATE,CAFE  COMBATE
CAFE COMBATE,CAFE COMBATE
CAFE COMBATE II,CAFE COMBATE II
CAFE COMBRATE,CAFE COMBRATE
CAFETALES,CAFETALES
CAJEME,CAJEME
CALIFORNIA RESIDENCIAL,CALIFORNIA RESIDENCIAL
CALIFORNIA RESIDENCIAL CDA CORDOBA,CALIFORNIA RESIDENCIAL CDA CORDOBA
CALIFORNIA RESIDENCIAL CDA SARATOGA,CALIFORNIA RESIDENCIAL CDA SARATOGA
CALIFORNIA RESIDENCIAL SANTA ROSA,CALIFORNIA RESIDENCIAL SANTA ROSA
CALIFORNIA RESIDENCIAL SECC MARQUEZ,CALIFORNIA RESIDENCIAL SECC MARQUEZ
CALIFORNIA RESIDENCIAL SECC. SANTA MARTHA,CALIFORNIA RESIDENCIAL SECC. SANTA MARTHA
CALIFORNIA RESIDENCIAL SECC. SANTA MONICA,CALIFORNIA RESIDENCIAL SECC. SANTA MONICA
CALIFORNIA RESIDENCIAL SECCION SANTA ROSA,CALIFORNIA RESIDENCIAL SECCION SANTA ROSA
CALIFORNIA SECC. MEDITERRANEO,CALIFORNIA SECC. MEDITERRANEO
CALIFORNIA SECC. SACRAMENTO,CALIFORNIA SECC. SACRAMENTO
CALIFORNIA SECCION MARQUEZA,CALIFORNIA SECCION MARQUEZA
CALIFRONIA RESIDENCIAL CERRADA SANTA ROSA,CALIFRONIA RESIDENCIAL CERRADA SANTA ROSA
CALLE 28 NORTE,CALLE 28 NORTE
CAMINO DEL SERI,CAMINO DEL SERI
CAMINO REAL,CAMINO REAL
CAMINO REAL DEL NORTE,CAMINO REAL DEL NORTE
CAMINO REAL MISION,CAMINO REAL MISION
CAMPANARIO,CAMPANARIO
CAMPESTRE LOS BAGOTES,CAMPESTRE LOS BAGOTES
CAMPESTRE RESIDENCIAL,CAMPESTRE RESIDENCIAL
CAMPIÑA,CAMPIÑA
CAMPO GRANDE SEGUNDA CERRADA GOLD WARER,CAMPO GRANDE SEGUNDA CERRADA GOLD WARER
CAMPO LA FLORIDA,CAMPO LA FLORIDA
CAMPOGRANDE RESIDENCIAL,CAMPOGRANDE RESIDENCIAL
CANTERAS RESIDENCIAL,CANTERAS RESIDENCIAL
SANTERRA RESIDENCIAL,CANTERAS RESIDENCIAL
CAPERUZO,CAPERUZO
CAPISTRANO 4TA SECCION,CAPISTRANO 4TA SECCION
CARDENO,CARDENO
CARDENO 2,CARDENO 2
CARDENAS RESIDENCIAL,CARDENO RESIDENCIAL
FRACC. CARDENO RESIDENCIAL,CARDENO RESIDENCIAL
PRIVADA CARDENO RESIDENCIAL,CARDENO RESIDENCIAL
CARIDAD,CARIDAD
CARMEN SERDAN,CARMEN SERDAN
CARMEN SERDÁN,CARMEN SERDAN
CARNAVALITO\BAHIA DE KINO,CARNAVALITO\BAHIA DE KINO
CARRETERA GUAYMAS - HERMOSILLO,CARRETERA GUAYMAS - HERMOSILLO
CARRETERA INTERNACIONAL,CARRETERA INTERNACIONAL
CASA ALTA RDCIAL,CASA ALTA RDCIAL
CASA BLANCA,CASA BLANCA
PRIV. CASA BLANCA,CASA BLANCA
CASA BONITA,CASA BONITA
CASA BONITA 2,CASA BONITA 2
CASA BONITA RESIDENCIAL,CASA BONITA RESIDENCIAL
CASA GRANDE,CASA GRANDE
CASA GRANDE RESIDENCIAL,CASA GRANDE RESIDENCIAL
CASA GRANDE RESIDENCIAL I,CASA GRANDE RESIDENCIAL I
CASA LINDA,CASA LINDA
CASA SOLARI,CASA SOLARI
CASIA RESIDENCIAL,CASIA RESIDENCIAL
CASTELLO RESIDENCIAL,CASTELLO RESIDENCIAL
CATABIÑA,CATABIÑA
CATALINAS RESIDENCIAL,CATALINAS RESIDENCIAL
CATAVIÑA RESIDENCIAL,CATAVIÑA RESIDENCIAL
CANADA DE LOS NEGROS,CAÑADA DE LOS NEGROS
CAÑADA DE LOS NEGROS,CAÑADA DE LOS NEGROS
CCUCURPE,CCUCURPE
CENTENARIO,CENTENARIO
CENTENARIO ISTESSON,CENTENARIO ISTESSON
CENTRAL DE ABASTOS,CENTRAL DE ABASTOS
CENTRO,CENTRO
CENTRO NORTE,CENTRO NORTE
CENTRO ORIENTE,CENTRO ORIENTE
"CENTRO SUR, MERCADO","CENTRO SUR, MERCADO"
CENTRO\BAHIA DE KINO,CENTRO\BAHIA DE KINO
CERRADA 940,CERRADA 940
CERRADA ANDALUCIA,CERRADA ANDALUCIA
CERRADA CUCURPE,CERRADA CUCURPE
CERRADA DE MINAS,CERRADA DE MINAS
CERRADA DEL ANGEL,CERRADA DEL ANGEL
CERRADA DEL CID,CERRADA DEL CID
CERRADA DIAMANTE,CERRADA DIAMANTE
CERRADA KUKAPA,CERRADA KUKAPA
CERRADA LA VEREDAS,CERRADA LA VEREDAS
CERRADA MILAN,CERRADA MILAN
CERRADA NORWALK,CERRADA NORWALK
CERRADA PALO VERDE,CERRADA PALO VERDE
CERRADA PIMAS,CERRADA PIMAS
CERRADA ROBLES,CERRADA ROBLES
CERRADA SANTA MONICA,CERRADA SANTA MONICA
CERRADA SANTA MONICA CALIFORNIA,CERRADA SANTA MONICA CALIFORNIA
CERRO,CERRO
CERRO APACHE,CERRO APACHE
CERRO COLORADO,CERRO COLORADO
CERRO DE LA CAMPANA,CERRO DE LA CAMPANA
CERRO LA CAMPANA,CERRO DE LA CAMPANA
CERRO DE LA CRUZ,CERRO DE LA CRUZ
CEZANNE RESIDENCIAL,CEZANNE RESIDENCIAL
CHANATE,CHANATE
CHINO ABELARDO,CHINO ABELARDO
CHOYAL,CHOYAL
CHULA VISTA,CHULA VISTA
CIMA II,CIMA II
CIMA RESIDENCIAL,CIMA RESIDENCIAL
CINCO DE MAYO,CINCO DE MAYO
CIRENSE RESIDENCIAL,CIRENSE RESIDENCIAL
CLUB BRITANIA,CLUB BRITANIA
CNOP,CNOP
COLINA BLANCA,COLINA BLANCA
COLONA BLANCA,COLINA BLANCA
COLINA DEL VALLE,COLINA DEL VALLE
COLINAS,COLINAS
COLINAS DE SAN JAVIER,COLINAS DE SAN JAVIER
COLINAS DEL BACHOCO,COLINAS DEL BACHOCO
COLINAS DEL SOL,COLINAS DEL SOL
COLINAS DEL VALLE,COLINAS DEL VALLE
COLINAS II,COLINAS II
COLONIA LAS COSECHAS,COLONIA LAS COSECHAS
COLONIA RURAL,COLONIA RURAL
COLOSO ALTA,COLOSO ALTO
COLOSO NORTE,COLOSO NORTE
COLOSO ORIENTE,COLOSO ORIENTE
COMERCIAL CEDROS,COMERCIAL CEDROS
COMPOSTELA RESIDENCIAL,COMPOSTELA RESIDENCIAL
CONDESA,CONDESA
CONDOMINIOS SAN PABLO,CONDOMINIOS SAN PABLO
CONQUISTADORES,CONQUISTADORES
CONSTITUCIÓN,CONSTITUCION
CORCELES SECC ALTER REAL,CORCELES SECC ALTER REAL
CORCICA,CORCICA
CORCITA RESIDENCIAL,CORCITA RESIDENCIAL
CORDOBA RESIDENCIAL,CORDOBA RESIDENCIAL
CORONADO,CORONADO
CORSICA RESIDENCIAL,CORSICA RESIDENCIAL
CORTIJO PERIODISTAS,CORTIJO PERIODISTAS
CORTIJO PERODISTA,CORTIJO PERODISTA
CORTIJO SECCION PERIODISTAS,CORTIJO SECCION PERIODISTAS
CORTIJO SECCION PIONEROS,CORTIJO SECCION PIONEROS
EL CORTIJO SECCION PIONEROS,CORTIJO SECCION PIONEROS
EL CORTIJO UNISON,CORTIJO UNISON
CORUÑA,CORUÑA
COSTA DEL SOL,COSTA DEL SOL
COSTA DEL SOL 2DA ETAPA,COSTA DEL SOL 2DA ETAPA
COUNTRY CLUB,COUNTRY CLUB
CRUZ GALVEZ,CRUZ GALVEZ
CRUZ GÁLVEZ,CRUZ GÁLVEZ
CUARTEL 15A,CUARTEL 15A
CUARTEL PITIC,CUARTEL PITIC
CUARTEL XV,CUARTEL XV
CUARTEL XX CAFE COMBATE,CUARTEL XX CAFE COMBATE
CUARTEL XX CAFÉ COMBATE,CUARTEL XX CAFÉ COMBATE
CUATRO OLIVOS,CUATRO OLIVOS
CUAUHTEMOC,CUAUHTEMOC
CUAUHTÉMOC,CUAUHTEMOC
CUCURPE,CUCURPE
CUCURPE II,CUCURPE II
CUEVITAS,CUEVITAS
CUMBRES RESIDENCIAL,CUMBRES RESIDENCIAL
DE LOS POETAS,DE LOS POETAS
DE LOS REYES,DE LOS REYES
DEL BOSQUE,DEL BOSQUE
DEL CID RESIDENCIAL,DEL CID RESIDENCIAL
DEL RAZO,DEL RAZO
DILIGENCIAS,DILIGENCIAS
DIVISION DEL NORTE,DIVISION DEL NORTE
DUNAS,DUNAS
ECONATURA,ECONATURA
EJ. EL TRIUNFITO,EJ. EL TRIUNFITO
EJIDO  EL BUEY,EJIDO  EL BUEY
EJIDO CARRILLO MARCOT,EJIDO CARRILLO MARCOT
EJIDO EL CHANATE,EJIDO EL CHANATE
EJIDO EL CHOYUDO,EJIDO EL CHOYUDO
EJIDO EL REALITO,EJIDO EL REALITO
EJIDO EL TRIUNFITO,EJIDO EL TRIUNFITO
EJIDO EL TRIUNFO,EJIDO EL TRIUNFO
EJIDO EL ZACATON,EJIDO EL ZACATON
EJIDO LA HABANA,EJIDO LA HABANA
EJIDO LA MANGA,EJIDO LA MANGA
EJIDO LA PEAÑA,EJIDO LA PEAÑA
EJIDO LA VICTORIA,EJIDO LA VICTORIA
EJIDO LAS PLACIITAS,EJIDO LAS PLACIITAS
EJIDO LAS PLACITAS,EJIDO LAS PLACITAS
EJIDO LOS CHOROS,EJIDO LOS CHOROS
EJIDO MESA DE SERI,EJIDO MESA DE SERI
EJIDO MESA DEL SERI,EJIDO MESA DEL SERI
EJIDO MINERO DE PILARES,EJIDO MINERO DE PILARES
EJIDO PLAN DE AYALA,EJIDO PLAN DE AYALA
EJIDO SAN BARTOLO,EJIDO SAN BARTOLO
EJIDO ZAMORA,EJIDO ZAMORA
EJODO EL BUEY,EJODO EL BUEY
EL 33,EL 33
EL APACHE,EL APACHE
EL BUEY,EL BUEY
EL CAPERUZO,EL CAPERUZO
EL CHAPARRAL,EL CHAPARRAL
EL CHATARRAL,EL CHATARRAL
EL CHOYUDO,EL CHOYUDO
EL COLOSO,EL COLOSO
EL COLOSO ALTO,EL COLOSO ALTO
EL CONQUISTADOR,EL CONQUISTADOR
EL CORTIJO,EL CORTIJO
EL CORTIJO PERIODISTA,EL CORTIJO PERIODISTA
EL DORADO I,EL DORADO
EL EJIDO LA YESCA,EL EJIDO LA YESCA
EL ENCANTO,EL ENCANTO
EL ESPLENDOR,EL ESPLENDOR
EL ESPLENDOR 2,EL ESPLENDOR 2
EL JITO,EL JITO
EL LLANITO,EL LLANITO
EL LLANO,EL LLANO
EL MALECON,EL MALECON
EL MALECÓN,EL MALECON
EL MARIACHI,EL MARIACHI
EL MEZQUITE,EL MEZQUITE
EL MIRADOR,EL MIRADOR
INVASIÓN EL MIRADOR,EL MIRADOR
EL NOGAL,EL NOGAL
EL PROGRESO,EL PROGRESO
EL RANCHITO,EL RANCHITO
INVASION EL RANCHITO,EL RANCHITO
EL REALENGO,EL REALENGO
EL RECODO,EL RECODO
EL TAZAJAL,EL TAZAJAL
EL TORREON,EL TORREON
EL TRIUNFITO,EL TRIUNFITO
EL TRONCONAL,EL TRONCONAL
EMILIANO ZAPATA,EMILIANO ZAPATA
EN LA INVASION 3 REYNAS,EN LA INVASION 3 REYNAS
EN LAS PALMITAS,EN LAS PALMITAS
ENCINOS 2,ENCINOS 2
EQUIPAMIENTO EDUCATIVO,EQUIPAMIENTO EDUCATIVO
ESMERALDA,ESMERALDA
ESMERALDA RESIDENCIAL,ESMERALDA RESIDENCIAL
ESPERANZA,ESPERANZA
ESPLENDOR 3 ETAPA,ESPLENDOR 3 ETAPA
ESPLENDOR TRES,ESPLENDOR TRES
ESTACION ZAMORA,ESTACION ZAMORA
ESTADIO NUEVO SONORA,ESTADIO NUEVO SONORA
ESTADIO SONORA,ESTADIO SONORA
ESTANSA RESIDENCIAL,ESTANSA RESIDENCIAL
ESTANZA,ESTANZA
ESTANZA FLORECIA,ESTANZA FLORECIA
ESTANZA FLORENZA,ESTANZA FLORENZA
ESTANZA SECCION TORREALBA,ESTANZA SECCION TORREALBA
EUSEBIO KINO,EUSEBIO KINO
EUSEBIO KINO-ISSSTESON,EUSEBIO KINO-ISSSTESON
EXT. COLOSIO,EXT. COLOSIO
EXTENCION 4 DE MARZO,EXTENCION 4 DE MARZO
FEROCARRILERA,FERROCARRILERA
FERROCARRILERA,FERROCARRILERA
FIRENZE,FIRENZE
FIRENZE RESIDENCIAL,FIRENZE RESIDENCIAL
FLAMINGOS,FLAMINGOS
FLORENSA RESIDENCIAL,FLORENSA RESIDENCIAL
FLORESTA,FLORESTA
FLORESTA RESIDENCIAL,FLORESTA RESIDENCIAL
"FLORESTA SECCION ""VILLA CIRUELOS""","FLORESTA SECCION ""VILLA CIRUELOS"""
FLORESTA SECCION CIPRES,FLORESTA SECCION CIPRES
FLORESTA SECCION SAUCES,FLORESTA SECCION SAUCES
FLORESTA SECCION VILLA ALMENDRAS,FLORESTA SECCION VILLA ALMENDRAS
FLORESTA VILLA ALMENDRAS,FLORESTA VILLA ALMENDRAS
FLORESTA VILLA FRESNOS,FLORESTA VILLA FRESNOS
FONAPO,FONAPO
FONHAPO,FONAPO
FOVISSSTE,FOVISSSTE
FRAC. TOPACIO,FRAC. TOPACIO
FRACC HACIENDAS,FRACC HACIENDAS
FRACC SEDONA,FRACC SEDONA
FRACC. CANTERAS,FRACC. CANTERAS
FRACC. DE LA CAPILLA,FRACC. DE LA CAPILLA
FRACC. ESTANZA FLORENZA,FRACC. ESTANZA FLORENZA
FRACC. LA CAÑADA,FRACC. LA CAÑADA
FRACC. PASEO DEL CID,FRACC. PASEO DEL CID
FRACC. URBIVILLA CAMPESTRE,FRACC. URBIVILLA CAMPESTRE
FRACC. VILLAS ROMANZA,FRACC. VILLAS ROMANZA
FRACC.DALLAS RESIDENCIAL,FRACC.DALLAS RESIDENCIAL
FRACC.SANTA ANITA,FRACC.SANTA ANITA
FRACC: RIO DE PLATA,FRACC: RIO DE PLATA
FRACCIONAMIENTO ALONDRAS,FRACCIONAMIENTO ALONDRAS
CASA REAL,FRACCIONAMIENTO CASA REAL
FRACCIONAMIENTO CASA REAL,FRACCIONAMIENTO CASA REAL
FRACCIONAMIENTO COLINAS DEL VALLE,FRACCIONAMIENTO COLINAS DEL VALLE
FRACCIONAMIENTO DE LAS VEREDAS,FRACCIONAMIENTO DE LAS VEREDAS
FRACCIONAMIENTO EMPERADOR,FRACCIONAMIENTO EMPERADOR
FRACCIONAMIENTO ESMERALDA,FRACCIONAMIENTO ESMERALDA
FRACCIONAMIENTO MIRAMONTES,FRACCIONAMIENTO MIRAMONTES
OASIS SANTA FE,FRACCIONAMIENTO OASIS SANTA FE
OASIS SOLERA,FRACCIONAMIENTO OASIS SOLERA
FRACCIONAMIENTO PALMEIRA,FRACCIONAMIENTO PALMEIRA
FRANCISCO E. KINO ISSSTESON,FRANCISCO E. KINO ISSSTESON
FRANCISCO ROMERO,FRANCISCO ROMERO
FRANSICO ROMERO,FRANCISCO ROMERO
FRANCISCO ROMERO (INVACION ),FRANCISCO ROMERO (INVACION )
FRANCISCO VILLA,FRANCISCO VILLA
FRESNO RESIDENCIAL,FRESNO RESIDENCIAL
FRESNOS ALAMEDA,FRESNOS ALAMEDA
FUENTE CIBELES,FUENTE CIBELES
FUENTE DANZANTE,FUENTE DANZANTE
FUENTE  DE PIEDRA,FUENTE DE PIEDRA
FUENTE DE PIEDRA,FUENTE DE PIEDRA
FUENTES DEL CENTENARIO,FUENTES DEL CENTENARIO
FUENTES DE MEZQUITAL,FUENTES DEL MEZQUITAL
FUENTES DEL MEZQUITAL,FUENTES DEL MEZQUITAL
GABY PEREYRA,GABY PEREYRA
GALA  3,GALA  3
GALA 3,GALA 3
GALA II,GALA III
GALA RESIDENCIAL,GALA RESIDENCIAL
GENOVA RESIDENCIAL,GENOVA RESIDENCIAL
GUAYACAN,GUAYACAN
INVASION GUAYACAN,GUAYACAN
H. AYUNTAMIENTO,H. AYUNTAMIENTO
HACIENDA DE LA FLOR,HACIENDA DE LA FLOR
HACIENDAS DE LA FLOR,HACIENDA DE LA FLOR
HACIENDA DE LOS TESOROS,HACIENDA DE LOS TESOROS
HACIENDA DEL SOL,HACIENDA DEL SOL
HACIENDA EL ANGAR,HACIENDA EL ANGAR
HACIENDA LAS MINITAS,HACIENDA LAS MINITAS
HACIENDA LAS PLACITAS,HACIENDA LAS PLACITAS
HACIENDA LOS ALCATRACES,HACIENDA LOS ALCATRACES
HACIENDA LOS LIRIOS,HACIENDA LOS LIRIOS
HACIENDA LOS TESOROS,HACIENDA LOS TESOROS
HACIENDA RESIDENCIAL,HACIENDA RESIDENCIAL
HACIENDAS RESIDENCIAL,HACIENDA RESIDENCIAL
HACIENDA RESIDENCIAL CONDOMINAL,HACIENDA RESIDENCIAL CONDOMINAL
HACIENDA SAN MIGUEL,HACIENDA SAN MIGUEL
HACIENDAS,HACIENDAS
HACIENDAS CAMPESTRE,HACIENDAS CAMPESTRE
HACIENDAS DEL SUR,HACIENDAS DEL SUR
HACIENDAS LOS FRESNOS,HACIENDAS LOS FRESNOS
HACIENDAS REAL DEL 14,HACIENDAS REAL DEL 14
HEBERTO CASTILLO,HEBERTO CASTILLO
HECTOR FRANCISCO ROMERO,HECTOR FRANCISCO ROMERO
HERMOSA PROVINCIA,HERMOSA PROVINCIA
HERMOSILLO,HERMOSILLO
HOYO DE BONILLAS,HOYO DE BONILLAS
HUAREQUI,HUAREQUI
HUMBERTO GUTIERRES (LAS CUEVITAS),HUMBERTO GUTIERRES (LAS CUEVITAS)
HUMBERTO GUTIERREZ,HUMBERTO GUTIERREZ
INALAMBRICA,INALAMBRICA
INAVSION LAS COSECHAS,INAVSION LAS COSECHAS
INDECO CENTENARIO,INDECO CENTENARIO
INN. TRES REYNAS,INN. TRES REYNAS
INSURGENTES,INSURGENTES
INTERNACIONAL,INTERNACIONAL
INV 3 REYES,INV 3 REYES
INV COYOACAN,INV COYOACAN
INV LA COSECHA,INV LA COSECHA
INV. ADOLFO LOPEZ DE LA HUERTA,INV. ADOLFO LOPEZ DE LA HUERTA
INV. MAQUENAS,INV. MAQUENAS
INV. PLUTARCO ELIAS CALLE,INV. PLUTARCO ELIAS CALLE
INV. PROLONGACION RANCHITO,INV. PROLONGACION RANCHITO
INV. TEPITO,INV. TEPITO
INV. TRES REINAS,INV. TRES REINAS
INVACION ANTORCHA,INVACION ANTORCHA
INVACION INSURGENTES 4 ETAPA,INVACION INSURGENTES 4 ETAPA
INVACION LOS LIRIOS O TEPITO,INVACION LOS LIRIOS O TEPITO
INVACION NUEVO SONORA,INVACION NUEVO SONORA
INVACION SAMUEL RIO VARELA,INVACION SAMUEL RIO VARELA
INVASION 3 REYES,INVASION 3 REYES
INVASION 3 REYNAS III,INVASION 3 REYNAS III
INVASION ALTARES 3,INVASION ALTARES 3
INVASION COLOSIO,INVASION COLOSIO
GIRASOLES,INVASION GIRASOLES
INVASION LAS 3 REYNAS,INVASION LAS 3 REYNAS
INVASION LAS PEREDAS 2,INVASION LAS PEREDAS 2
INVASION LAS PEREDAS 3,INVASION LAS PEREDAS 3
INVASION MIGUEL VALENCIA,INVASION MIGUEL VALENCIA
INVASION NUEVO SONORA,INVASION NUEVO SONORA
INVASION PLUTARCO ELIAS CALLES,INVASION PLUTARCO ELIAS CALLES
INVASION REALENGO,INVASION REALENGO
INVASIÓN EL CHAPARRAL,INVASIÓN EL CHAPARRAL
ISSSTE,ISSSTE
ISSSTE FEDERAL,ISSSTE FEDERAL
ISSSTESON CENTENARIO,ISSSTESON CENTENARIO
ISSSTESON COLEGIO LUX,ISSSTESON COLEGIO LUX
ISSSTESON NORTE,ISSSTESON NORTE
JACINTO LOPEZ,JACINTO LOPEZ
JARDINES,JARDINES
JARDINES DE MONACO,JARDINES DE MONACO
JARDINES DE MÓNACO,JARDINES DE MONACO
JEREZ DEL VALLE,JEREZ DEL VALLE
JESUS GARCIA,JESUS GARCIA
JESÚS GARCIA,JESUS GARCIA
JORGE VALDEZ JIULLERAT,JORGE VALDEZ JIULLERAT
JORGE VALDEZ MUÑOZ,JORGE VALDEZ MUÑOZ
JOSE LOPEZ PORTILLO,JOSE LOPEZ PORTILLO
JOYAS DEL BACHOCO,JOYAS DEL BACHOCO
KINO NUEVO,KINO NUEVO
KINO VIEJO,KINO VIEJO
EL ANTORCHA,LA ANTORCHA
INVASION LA ANTORCHA,LA ANTORCHA
L LA ANTORCHA,LA ANTORCHA
LA ANTORCHA,LA ANTORCHA
LA ANTORCHA 2,LA ANTORCHA
LA HANTORCHA,LA ANTORCHA
LA ANTORCHA CAMPESINA,LA ANTORCHA CAMPESINA
LA CAMPANA,LA CAMPANA
LA CAMPINA SECC GIRASOLES,LA CAMPINA SECC GIRASOLES
LA CAMPINA SECCION GIRASOLES,LA CAMPINA SECCION GIRASOLES
LA CAMPINA,LA CAMPIÑA
LA CAMPIÑA,LA CAMPIÑA
LA CARIDAD,LA CARIDAD
LA CAÑADA,LA CAÑADA
LA CHOLLA,LA CHOLLA
LA COLLA,LA CHOLLA
LA CIMA SECCION II,LA CIMA SECCION II
LA CORUÑA RESIDENCIAL,LA CORUÑA RESIDENCIAL
LA COSECHA,LA COSECHA
LA CUATRO OLIVOS,LA CUATRO OLIVOS
LA ENCANTADA,LA ENCANTADA
RESIDENCIAL LA ENCANTADA,LA ENCANTADA
LA FLORESTA SECC CEIBA,LA FLORESTA SECC CEIBA
LA FLORESTA SECC VILLA FRESNOS,LA FLORESTA SECC VILLA FRESNOS
LA GRANJA LOPEZ,LA GRANJA LOPEZ
LA HERRADURA,LA HERRADURA
LA HUERTA,LA HUERTA
LA INTERNACIONAL,LA INTERNACIONAL
LA JOYA,LA JOYA
LA JOYA I VILLAS DE LOS ZAFIROS,LA JOYA I VILLAS DE LOS ZAFIROS
LA JOYA VILLA DE LAS ESMERALDAS,LA JOYA VILLA DE LAS ESMERALDAS
LA JOYA VILLA DE LOS DIAMANTES,LA JOYA VILLA DE LOS DIAMANTES
LA LENGÜETA,LA LENGUETA
LA MANGA,LA MANGA
LA MARQUEZA,LA MARQUEZA
LA MATANZA,LA MATANZA
LA METALERA,LA METALERA
LA MOSCA,LA MOSCA
LA PALOMA RESIDENCIAL 4,LA PALOMA RESIDENCIAL 4
LA PALOMA RESIDENCIAL I,LA PALOMA RESIDENCIAL I
LA PALOMA RESIDENCIAL II,LA PALOMA RESIDENCIAL II
LA PONDEROSA,LA PONDEROSA
LA RIOJA,LA RIOJA
LA VENTANA,LA VENTANA
LA VENTANA SECC. LA REJA,LA VENTANA SECC. LA REJA
LA VEBENA,LA VERBENA
LA VERBENA,LA VERBENA
LA VERBENEA,LA VERBENA
LA VICTORIA,LA VICTORIA
LA VICTORIA COLONIA PUNTA BELLA,LA VICTORIA COLONIA PUNTA BELLA
LA YESCA,LA YESCA
AMPLIACION LADRILLERAS,LADRILLERAS
AMPLIACIÓN LADRILLERAS,LADRILLERAS
COL LADRILLERA,LADRILLERAS
LADRILLERA,LADRILLERAS
LA ALAMEDA,LAS ALAMEDAS
LAS AVES,LAS AVES
LAS CARRETAS,LAS CARRETAS
LAS COLINAS,LAS COLINAS
LAS COSECHAS,LAS COSECHAS
LAS CUEVITAS,LAS CUEVITAS
LAS DILIGENCIAS,LAS DILIGENCIAS
LAS FLORES,LAS FLORES
LAS GLORIAS,LAS GLORIAS
LAS GRANJAS,LAS GRANJAS
LAS HACIENDAS RESIDENCIAL,LAS HACIENDAS RESIDENCIAL
LAS ISABELES,LAS ISABELES
LAS LADRILLERAS,LAS LADRILLERAS
LAS L OMAS,LAS LOMAS
LAS LOMAS,LAS LOMAS
LASLOMAS,LAS LOMAS
LAS LOMAS DE CORTES,LAS LOMAS DE CORTES
LAS LOMAS DE PITIC,LAS LOMAS DE PITIC
LAS LOMAS DEL MIRADOR,LAS LOMAS DEL MIRADOR
LAS LOMAS DEL PITIC,LAS LOMAS DEL PITIC
LAS LOMAS DEL SOL,LAS LOMAS DEL SOL
LAS LOMAS DEL SUR,LAS LOMAS DEL SUR
LAS LOMAS DUMAS,LAS LOMAS DUMAS
LAS LOMAS ETAPA 2,LAS LOMAS ETAPA 2
LAS LOMAS PRIVADA DEL BOSQUE,LAS LOMAS PRIVADA DEL BOSQUE
LAS LOMAS PRIVADA LAS LOMAS,LAS LOMAS PRIVADA LAS LOMAS
LAS LOMAS SECC BONITA 1,LAS LOMAS SECC BONITA 1
LAS LOMAS SECC CASTANOS,LAS LOMAS SECC CASTAÑOS
LAS LOMAS SECC CASTAÑOS,LAS LOMAS SECC CASTAÑOS
LAS LOMAS SECCION LOS MANZANOS,LAS LOMAS SECC LOS MANZANOS
LAS LOMAS SECCIÓN LOS MANZANOS,LAS LOMAS SECC LOS MANZANOS
LAS LOMAS SECC. SEC,LAS LOMAS SECC. SEC
LAS LOMAS SECC BONITA,LAS LOMAS SECCION BONITA
LAS LOMAS SECCION BONITA 2,LAS LOMAS SECCION BONITA
LAS LOMAS SECCIÓN BONITA,LAS LOMAS SECCION BONITA
LAS LOMAS SECCIÓN EL PARAÍSO,LAS LOMAS SECCION PARAISO
LAS LOMAS SECCIÓN SEC,LAS LOMAS SECCIÓN SEC
LA MINITAS,LAS MINITAS
LAS MINITAS,LAS MINITAS
LAS PALMAS,LAS PALMAS
LAS PEREDAS,LAS PEREDAS
LAS PEREDAS 2,LAS PEREDAS 2
LAS PICHONERAS,LAS PICHONERAS
LAS PILAS,LAS PILAS
LAS PLACITAS,LAS PLACITAS
LAS PLACITAS SECC. II,LAS PLACITAS SECC. II
LAS PLAZAS,LAS PLAZAS
LAS PRADERAS,LAS PRADERAS
LAS PRADERAS IV,LAS PRADERAS IV
LAS PRADERAS NORTE,LAS PRADERAS NORTE
LAS PRADERAS SUR,LAS PRADERAS SUR
LAS PROVINCIAS,LAS PROVINCIAS
LAS PROVINCIAS SECC. SALAMANCA,LAS PROVINCIAS SECC. SALAMANCA
LAS PÉREDAS,LAS PÉREDAS
LAS QUINTAS,LAS QUINTAS
LAS TORRES,LAS TORRES
LAS TRES REYNAS,LAS TRES REYNAS
LAS VEREDAS,LAS VEREDAS
LAS VILLAS,LAS VILLAS
LAS VISTA,LAS VISTA
LAS VISTAS,LAS VISTAS
LAURA ALICIA FRIAS DE LOPEZ NOGALES,LAURA ALICIA FRIAS DE LOPEZ NOGALES
LAURA ALICIA FRÍAS DE LOPEZ NOGALES,LAURA ALICIA FRIAS DE LOPEZ NOGALES
LEY 57,LEY 57
LIBERTAD,LIBERTAD
LIBRAMIENTO,LIBRAMIENTO
LIRIOS,LIRIOS
LIRIOS II,LIRIOS II
LLANO,LLANO
LLANO VERDE,LLANO VERDE
LOMA BLANCA,LOMA BLANCA
LOMA LINDA,LOMA LINDA
LOMA LINDA \ KINO VIEJO,LOMA LINDA \ KINO VIEJO
LOMAS ALTAS PERIFERIA,LOMAS ALTAS PERIFERIA
LOMAS DE CORTEZ,LOMAS DE CORTEZ
LOMAS DE HERMOSILLO,LOMAS DE HERMOSILLO
LOMAS DE KINO,LOMAS DE KINO
LOMAS DE LINDAVISTA,LOMAS DE LINDA VISTA
LOMAS DE MADRID,LOMAS DE MADRID
LOMAS DE REFORMA,LOMAS DE REFORMA
LOMAS DE SAN GERMAN,LOMAS DE SAN GERMAN
LOMAS DEL PARQUE,LOMAS DEL MARQUEZ
LOMAS DEL NORTE Y PARAISO,LOMAS DEL NORTE Y PARAISO
LOMAS DEL PITIC,LOMAS DEL PITIC
LOMAS DEL RUR,LOMAS DEL SUR
LOMAS DEL SUR,LOMAS DEL SUR
LOPEZ PORTILLO,LOPEZ PORTILLO
LOPEZ PÓRTILLO,LOPEZ PORTILLO
LÓPEZ PORTILLO,LOPEZ PORTILLO
LOPEZS RIESGO,LOPEZS RIESGO
FLORENZA RESIDENCIAL,LORENZO RESIDENCIAL
LORETO,LORETO
LORETO RESIDENCIAL,LORETO RESIDENCIAL
LOS ALAMOS,LOS ALAMOS
LOS ÁLAMOS,LOS ALAMOS
LOS ALTOS,LOS ALTOS
LOS ANGELES,LOS ANGELES
LOS ARCOS,LOS ARCOS
LOS ARROYOS,LOS ARROYOS
LOS ARROYOS II,LOS ARROYOS II
LOS ATARDECERES,LOS ATARDECERES
LOS CHOROS,LOS CHOROS
LOS CIRIOS,LOS CIRIOS
LOS ENCINOS,LOS ENCINOS
LOS ENCINOS I ETAPA III,LOS ENCINOS I ETAPA III
LOS ENCINOS RESIDENCIAL,LOS ENCINOS RESIDENCIAL
LOS FRESNOS,LOS FRESNOS
LOS IGUALADOS,LOS IGUALADOS
LOS JARDINES,LOS JARDINES
LOS LAGOS,LOS LAGOS
LOS LAGOS SECC. LAGO ESCONDIDO,LOS LAGOS SECC. LAGO ESCONDIDO
LOS LIRIOS,LOS LIRIOS
LOS LIRIOS INV. TEPITO,LOS LIRIOS INV. TEPITO
LOS LOMAS,LOS LOMAS
LOS MANANTIALES,LOS MANANTIALES
LOS MIRASOLES,LOS MIRASOLES
LOS MISIONEROS,LOS MISIONEROS
LOS NARANJOS,LOS NARANJOS
AMPLIACION LOS OLIVOS,LOS OLIVOS
AMPLIACIÓN LOS OLIVOS,LOS OLIVOS
LO OLIVOS,LOS OLIVOS
LOS OLIVOS,LOS OLIVOS
LOSOLIVOS,LOS OLIVOS
OLOS OLIVOS,LOS OLIVOS
LOS PINOS CAMPESTRE,LOS PINOS CAMPESTRE
LOS PINOS RESIDENCIAL,LOS PINOS RESIDENCIAL
LOS POLVORINES,LOS POLVORINES
LOS PORTALES,LOS PORTALES
LOS ROSALES,LOS ROSALES
LOS SABINOS,LOS SABINOS
RESIDENCIAL LOS SANTOS,LOS SANTOS
LOS SAUCES,LOS SAUCES
LOS TULIPANES,LOS TULIPANES
LOS VINEDOS,LOS VINEDOS
LOS VIÑEDOS I,LOS VIÑEDOS I
LOTE BALDIO,LOTE BALDIO
LUIS DONALDO COLOSIO,LUIS DONALDO COLOSIO
LUIS ENCINAS,LUIS ENCINAS
LUZ VALENCIA,LUZ VALENCIA
MACHI LOPEZ,MACHI LOPEZ
MAGISTERIAL,MAGISTERIAL
MALECON,MALECON
MALLORCA RESIDENCIAL,MALLORCA RESIDENCIAL
MANUEL GOMEZ MORIN,MANUEL GOMEZ MORIN
MANUEL GÓMEZ MORIN,MANUEL GOMEZ MORIN
MARGARITAS OLIVOS,MARGARITAS OLIVOS
MARIN PARAISO,MARIN PARAISO
MARQUESA,MARQUESA
MARSELLA RESID.,MARSELLA RESID.
MARTIRES DE CANANEA,MARTIRES DE CANANEA
MÁRTIRES DE CANANEA,MARTIRES DE CANANEA
MAYORCA,MAYORCA
MEDITERRÁNEO RESIDENCIAL,MEDITERRÁNEO RESIDENCIAL
MEGACENTRO,MEGACENTRO
MERLOT,MERLOT
MESA DEL SERI,MESA DEL SERI
MESA VERDE RESIDENCIAL,MESA VERDE RESIDENCIAL
MESA VERDE,MESAVERDE
RESIDENCIAL MESA VERDE,MESAVERDE
METALERA,METALERA
MEZQUITAL DEL ORO,MEZQUITAL DEL ORO
MICROPARQUE INDUSTRIAL,MICROPARQUE INDUSTRIAL
MICROPARQUE INDUSTRIAL NORTE,MICROPARQUE INDUSTRIAL NORTE
MIGUEL ALEMAN,MIGUEL ALEMAN
MIGUEL ALEMAN (LA DOCE),MIGUEL ALEMAN (LA DOCE)
MIGUEL ANGEL JIMENEZ,MIGUEL ANGEL JIMENEZ
MIGUEL HIDALGO,MIGUEL HIDALGO
MIGUEL VALDEZ,MIGUEL VALDEZ
MIGUEL VALENCIA,MIGUEL VALENCIA
MILAN,MILAN
MILÁN,MILAN
MILLAN RESIDENCIAL.,MILLAN RESIDENCIAL.
MIRADOR,MIRADOR
MIRADOR DEL BACHOCO,MIRADOR DEL BACHOCO
MIRAMONTES,MIRAMONTES
MISION DE ANDALUCIA,MISION DE ANDALUCIA
MISION DE ANDALUCIA RES,MISION DE ANDALUCIA
MISIÓN DEL ARCO,MISION DEL ARCO
MISIÓN DEL REAL,MISION DEL REAL
MISION DEL SOL,MISION DEL SOL
MISIÓN DEL SOL,MISION DEL SOL
MISIONEROS,MISIONEROS
MISIÓN SAN IGNACIO,MISIÓN SAN IGNACIO
MISIÓN SAN JERÓNIMO,MISIÓN SAN JERÓNIMO
MISSION,MISSION
MIXCOAC,MIXCOAC
MODELO,MODELO
MODELO CENTRO,MODELO CENTRO
MODELO CENTRO (GUAYMAS J. SIERRA),MODELO CENTRO (GUAYMAS J. SIERRA)
MODELO NORTE,MODELO NORTE
MODELO RETORNOS,MODELO RETORNOS
MODELO SUR RETORNOS,MODELO SUR RETORNOS
MOLINO DE CAMOU,MOLINO DE CAMOU
MONACO PRIVADAS,MONACO PRIVADAS
MONACO PRIVADAS RESIDENCIALES,MONACO PRIVADAS RESIDENCIALES
MONTALBAN O CANTERAS,MONTALBAN O CANTERAS
MONTALBAN RESIDENCIAL,MONTALBAN RESIDENCIAL
MONTEALBAN RESIDENCIAL,MONTALBAN RESIDENCIAL
MONTE ALBAN SECC. 2,MONTE ALBAN SECC. 2
MONTE ELENA,MONTE ELENA
MONTE SERENO,MONTE SERENO
MONTE BELLO RESIDENCIAL,MONTEBELLO RESIDENCIAL
MONTEBELLO RESIDENCIAL,MONTEBELLO RESIDENCIAL
MONTE CARLO,MONTECARLO
MONTECARLO,MONTECARLO
MONTECARLOS,MONTECARLO
MONTE REAL,MONTEREAL
MONTEROSA,MONTEROSA
MORELOS,MORELOS
MURAN,MURAN
MURANO,MURANO
MURANO RESIDENCIAL,MURANO RESIDENCIAL
MÓNACO PRIVADA RESIDENCIAL,MÓNACO PRIVADA RESIDENCIAL
NACAMERI,NACAMERI
NAPOLES,NAPOLES
NATURA,NATURA
NAZAREO RESIDENCIAL,NAZAREO RESIDENCIAL
NORBERTO ORTEGA,NORBERTO ORTEGA
NUEVA CASTILLA,NUEVA CASTILLA
NUEVA ESPAÑA,NUEVA ESPAÑA
NUEVA ESPERANZA,NUEVA ESPERANZA
NUUEVA ESPERANZA.,NUEVA ESPERANZA
NUEVA GALICIA,NUEVA GALICIA
INVASION NUVA ILUSION,NUEVA ILUSION
NUEVA ILUSION,NUEVA ILUSION
NUEVA PALMIRA,NUEVA PALMIRA
NUEVA PROVINCIA,NUEVA PROVINCIA
LA NUEVA VICTORIA,NUEVA VICTORIA
NUEVA VICTORIA,NUEVA VICTORIA
NUEVA VILLA SUREÑA,NUEVA VILLA SUREÑA
NUEVO AMANECER,NUEVO AMANECER
NUEVO DESIERTO,NUEVO DESIERTO
NUEVO HERMAOSILLO,NUEVO HERMOSILLO
NUEVO HERMOSILLO,NUEVO HERMOSILLO
INV. NUEVO HORIZONTE,NUEVO HORIZONTE
NUEVO HORIZONTE,NUEVO HORIZONTE
NUEVO MEXICO,NUEVO MEXICO
NUEVO POROGRESO,NUEVO POROGRESO
NUEVO PROGRESO,NUEVO PROGRESO
NUEVO SAHUARO,NUEVO SAHUARO
NUEVO SONORA\MIGUEL ALEMAN (LA DOCE),NUEVO SONORA\MIGUEL ALEMAN (LA DOCE)
OASIS,OASIS
OASIS  MONTE REAL,OASIS  MONTE REAL
OASIS DEL PINACATE,OASIS DEL PINACATE
OASIS DEL SOL,OASIS DEL SOL
OASIS LANTANA,OASIS LANTANA
OASIS MESA VERDE,OASIS MESA VERDE
OASIS MIRAMONTES,OASIS MIRAMONTES
OASIS MONTE REAL,OASIS MONTE REAL
OASIS MONTEREAL,OASIS MONTEREAL
OASIS MONTERREAL,OASIS MONTERREAL
OASIS PALMEIRA,OASIS PALMEIRA
OASIS PINACATE,OASIS PINACATE
OASIS SECC PINACATE,OASIS SECC PINACATE
OASIS SOLANA,OASIS SOLANA
OBISPOS RESIDENCIAL,OBISPOS RESIDENCIAL
OFICINAS FEDERALES,OFICINAS FEDERALES
OLIVARES,OLIVARES
OPATAS,OPATAS
P. INDUSTRIAL,P. INDUSTRIAL
P. INDUSTRIAL DYNATECH,P. INDUSTRIAL DYNATECH
P. INDUSTRIAL LA LABOR,P. INDUSTRIAL LA LABOR
PALERMO,PALERMO
PALERMO RESIDENCIAL,PALERMO RESIDENCIAL
PALERMO SECCION FERRARA,PALERMO SECCION FERRARA
PALMA DORADA,PALMA DORADA
PALMAR DEL SOL,PALMAR DEL SOL
PALO FIERRO,PALO FIERRO
PALO VERDE,PALO VERDE
PRIVADA PALO VERDE,PALO VERDE
PALO VERDE FINAL,PALO VERDE FINAL
PALO VERDE INDEUR LOS OLIVOS,PALO VERDE INDEUR LOS OLIVOS
PALO VERDE LOS OLIVOS,PALO VERDE LOS OLIVOS
PALO VERDE NORTE,PALO VERDE NORTE
PALO VERDE SUR,PALO VERDE SUR
PALOMA RESIDENCIAL,PALOMA RESIDENCIAL
PALOVERDE INDEUR LOS OLIVOS,PALOVERDE INDEUR LOS OLIVOS
PAQUE CENTRAL,PARQUE CENTRAL
PARQUE CENTRAL,PARQUE CENTRAL
PARQUE INDUSTRIAL,PARQUE INDUSTRIAL
PARQUE INDUSTRIAL DAMOSA,PARQUE INDUSTRIAL DAMOSA
PARQUE INDUSTRIAL HERMOSILLO,PARQUE INDUSTRIAL HERMOSILLO
PARQUE INDUSTRIAL LATITUDE,PARQUE INDUSTRIAL LATITUDE
PARQUE INDUSTRIAL MONTE ALBAN,PARQUE INDUSTRIAL MONTE ALBAN
PARQUE INDUSTRIAL NORTE,PARQUE INDUSTRIAL NORTE
PARQUE INDUSTRIAL PIMEX,PARQUE INDUSTRIAL PIMEX
PARQUE INDUSTRIAL SONORA,PARQUE INDUSTRIAL SONORA
PARQUE MADERO,PARQUE MADERO
PARQUE MADERO NORTE,PARQUE MADERO NORTE
PARQUE VERSALLES RESID.,PARQUE VERSALLES RESID.
PASEO CASA BLANCA,PASEO CASA BLANCA
PASEO DE LA COLINA I,PASEO DE LA COLINA
PASEO DE LAS MARGARITAS,PASEO DE LAS MARGARITAS
PASEO DE LAS MISIONES,PASEO DE LAS MISIONES
PASEO DE LAS RIVIERAS,PASEO DE LAS RIVIERAS
PASEO DE PALMAS,PASEO DE PALMAS
PASEO DEL PALMAR,PASEO DE PALMAS
PASEO DEL CID,PASEO DEL CID
PASEO DEL CID RESIDENCIAL,PASEO DEL CID RESIDENCIAL
PASEO DEL SOL,PASEO DEL SOL
PASEO LAS LOMAS,PASEO LAS LOMAS
PASEO REAL,PASEO REAL
PASEO REAL RESIDENCIAL,PASEO REAL RESIDENCIAL
PASEO SAN ANGEL,PASEO SAN ANGEL
PASEO SAN ANGEL II SECC. CERRADA LAS PLACITAS,PASEO SAN ANGEL II SECC. CERRADA LAS PLACITAS
PASEO SAN ANGEL II SECC. LOS ALAMOS,PASEO SAN NGEL SECC LOS ALAMOS
"PASEO SAN ÁNGEL SECCIÓN LAS PLACITAS II,III, IV, V","PASEO SAN ÁNGEL SECCIÓN LAS PLACITAS II,III, IV, V"
PASEOS DE ROMANZA,PASEOS DE ROMANZA
PASEO DEL PEDREGAL,PASEOS DEL PEDREGAL
PASEODEL PEDREGAL,PASEOS DEL PEDREGAL
PASEOS DEL PEDREGAL SECC. DIAMANTE,PASEOS DEL PEDREGAL SECC. DIAMANTE
PEDREGAL DE LA VILLA,PEDREGAL DE LA VILLA
PEMEX,PEMEX
PERIFERICO SUR,PERIFERICO SUR
PERIODISTA,PERIODISTA
PERISUR,PERISUR
PESQUEIRA,PESQUEIRA
PIE DE CASAS LAS MINITAS,PIE DE CASAS LAS MINITAS
PILARES,PILARES
PIMENTEL,PIMENTEL
PITIC,PITIC
"PLACITAS , EN EL EJIDO LAS PLACITAS","PLACITAS , EN EL EJIDO LAS PLACITAS"
PLATINO,PLATINO
PLAZA DE LAS FRANQUICIAS,PLAZA DE LAS FRANQUICIAS
PLAZA GRANDE,PLAZA GRANDE
PLAZA REAL,PLAZA REAL
PLAZA SENDERO,PLAZA SENDERO
PLUTARCO ELIAS,PLUTARCO ELIAS
PLUTARCO ELIAS CALLES,PLUTARCO ELIAS CALLES
POPULAR,POPULAR
PORTAL DE ROMANZA,PORTAL DE ROMANZA
PORTAL DEL LAGO,PORTAL DEL LAGO
PORTAL DEL PITIC,PORTAL DEL PITIC
PORTON DEL ARCO,PORTON DEL ARCO
POTRERO DE BUSHARD,POTRERO DE BUSHARD
PRADERAS,PRADERAS
PRADERAS DEL REAL,PRADERAS DEL REAL
PRADERAS DEL SOL,PRADERAS DEL SOL
LAS PRADERAS DEL VALLE,PRADERAS DEL VALLE
PRADERAS DEL VALLE,PRADERAS DEL VALLE
PRADOS DEL CENTENARIO,PRADOS DEL CENTENARIO
PRADOS DEL SOL,PRADOS DEL SOL
PREDIO GUADALUPE,PREDIO GUADALUPE
PRESIDENCIAL PENASCO,PRESIDENCIAL PENASCO
PRIMAVERA,PRIMAVERA
PRIMAVERA\KINO VIEJO,PRIMAVERA\KINO VIEJO
PRIMERO HERMOSILLO,PRIMERO HERMOSILLO
PRIVADA CORDOVA,PRIVADA CORDOVA
PRIVADA DE SAUCE,PRIVADA DE SAUCE
PRIVADA DEL MIRADOR I,PRIVADA DEL MIRADOR I
PRIVADA DEL REAL,PRIVADA DEL REAL
LOMAS ALTAS,PRIVADA LOMA ALTA
PRIVADA RESIDENCIAL DEL PEDREGAL,PRIVADA RESIDENCIAL DEL PEDREGAL
PRIVADA ROBLES,PRIVADA ROBLES
PRIVADA ROSALES,PRIVADA ROSALES
ROSALES,PRIVADA ROSALES
PRIVADA SANTA ROSA,PRIVADA SANTA ROSA
PRIVADA SATURNINO CAMPOY,PRIVADA SATURNINO CAMPOY
PRIVADA VICTORIA,PRIVADA VICTORIA
PRADOS DE BUGAMBILIAS,PRIVADAS DE BUGAMBILIAS
PRIVADAS DEL MIRADOR,PRIVADAS DE MIRADOR I
PRIVADAS DEL MIRADOR 2,PRIVADAS DE MIRADOR I
PRIVADAS DE SAN LORENZO,PRIVADAS DE SAN LORENZO
PRIVADAS DEL BOSQUE,PRIVADAS DEL BOSQUE
PRIVADAS DEL REAL,PRIVADAS DEL REAL
PRIVADAS DEL REAL II,PRIVADAS DEL REAL
PRIVADAS DEL REAL SUR,PRIVADAS DEL REAL SUR
PRIVADAS DE REY,PRIVADAS DEL REY
PRIVADAS DEL REY,PRIVADAS DEL REY
PRIVADAS DEL REY VII ETAPA,PRIVADAS DEL REY VII ETAPA
PRIVADAS DEL SAUCE,PRIVADAS DEL SAUCE
PROGRESISTA,PROGRESISTA
PROGRESO\BAHIA DE KINO,PROGRESO\BAHIA DE KINO
PROLONGACION LOS OLIVOS,PROLONGACION LOS OLIVOS
PROYECTO RIO SONORA,PROYECTO RIO SONORA
PROYECTO RIO SONORA HERMOSILLO XXI,PROYECTO RIO SONORA HERMOSILLO XXI
PUBLITOS,PUEBLITOS
PUEBLITOS,PUEBLITOS
PUEBLITOS CERRADA GUARIJIOS,PUEBLITOS CERRADA GUARIJIOS
PUEBLITOS SECC PAPAGOS,PUEBLITOS SECC PAPAGOS
PUEBLO ALEGRE,PUEBLO ALEGRE
PUEBLO ALTO,PUEBLO ALTO
PUEBLO BONITO,PUEBLO BONITO
PUEBLO DE ALAMOS,PUEBLO DE ALAMOS
PUEBLO DEL ANGEL,PUEBLO DEL ANGEL
PUEBLO DE ORO,PUEBLO DEL ORO
PUEBLO DEL SOL,PUEBLO DEL SOL
PUEBLO DEL SOL SECC ANDINA,PUEBLO DEL SOL SECC ANDINA
PUEBLO DEL SOL SECC. ALBINA,PUEBLO DEL SOL SECC. ALBINA
PUEBLO DEL ÁNGEL,PUEBLO DEL ÁNGEL
PUEBLO ESCONDIDO,PUEBLO ESCONDIDO
PUEBLO GRANDE,PUEBLO GRANDE
PUEBLO NUEVO,PUEBLO NUEVO
PUERAT DEL REY,PUERAT DEL REY
PUERTA DE HIERRO,PUERTA DE HIERRO
PUERTA DEL REAL,PUERTA DEL REAL
PUERTA DEL REY,PUERTA DEL REY
PUERTA DEL REY ALCALA,PUERTA DEL REY ALCALA
PUERTA DEL REY ETAPA VI,PUERTA DEL REY ETAPA III
PUERTA DEL REY SECC 3,PUERTA DEL REY SECC 3
PUERTA DEL REY SECC: CASTILLA,PUERTA DEL REY SECC: CASTILLA
PUERTA DEL REY SECC. GALICIA,PUERTA DEL REY SECCIN GALICIA
PUERTA DEL REY SECC. ALTADENA,PUERTA DEL REY SECCION ALTADENA
PUERTA DEL REY SECCION ALCADENA,PUERTA DEL REY SECCION ALTADENA
PUERTA DEL REY SECC. CALAFIA,PUERTA DEL REY SECCION CALAFIA
PUERTA DEL REY SECCION CORDOVA,PUERTA DEL REY SECCION CORDOVA
PUERTA DEL REY SECC. CUEVA,PUERTA DEL REY SECCION CUEVAS
PUERTA DEL REY SECC. CUEVAS,PUERTA DEL REY SECCION CUEVAS
PUERTA DEL REY SEGUNDA ETAPA,PUERTA DEL REY SEGUNDA ETAPA
PUERTA DEL SOL,PUERTA DEL SOL
PUERTA EL REY,PUERTA EL REY
PUERTA ESMERALDA,PUERTA ESMERALDA
PUERTA GRANDE,PUERTA GRANDE
PUERAT REAL,PUERTA REAL
PUERTA REAL,PUERTA REAL
PUERTA REAL RESIDENCIAL 8A ETAPA,PUERTA REAL RESIDENCIAL 8A ETAPA
"PUERTA REAL RESIDENCIAL II, III, IV, V, VI,VII","PUERTA REAL RESIDENCIAL II, III, IV, V, VI,VII"
PUERTA REAL RESIDENCIAL IV,PUERTA REAL RESIDENCIAL IV
PUERTA REAL RESIDENCIAL SECC. CORDOVA,PUERTA REAL RESIDENCIAL SECC. CORDOVA
PUERTA REAL RESIDENCIAL V,PUERTA REAL RESIDENCIAL V
PUERTA REAL RESIDENCIAL VII ETAPA,PUERTA REAL RESIDENCIAL VII ETAPA
PUERTA REAL RESIDENCIAL X,PUERTA REAL RESIDENCIAL X
PUERTA REAL RESIDENCIAL XX ETAPA,PUERTA REAL RESIDENCIAL XX ETAPA
PUERTA REAL SECCION DIAMANTE,PUERTA REAL SECCION DIAMANTE
PUERTA REAL VI,PUERTA REAL VI
PUERTA REAL VIII,PUERTA REAL VIII
PUERTA REAL XVIII,PUERTA REAL XVIII
PUESTA DEL SOL,PUESTA DEL SOL
PUNTA BELLA,PUNTA BELLA
PUNTA DEL LAGO,PUNTA DEL LAGO
PV.ARAGON,PV.ARAGON
PRIVADA QUINTA EMILIA,QUINTA EMILIA
QUINTA EMILIA,QUINTA EMILIA
QUINTA ESMELRALDA,QUINTA ESMERALDA
QUINTA ESMERAL,QUINTA ESMERALDA
QUINTA ESMERALDA,QUINTA ESMERALDA
QUINTA ESMERALDA|,QUINTA ESMERALDA
QUINTA ESPERALDA,QUINTA ESMERALDA
QUNTA ESMERALDA,QUINTA ESMERALDA
QUINTA LA PALOMA,QUINTA LA PALOMA
QUINTA REAL,QUINTA REAL
QUINTAS DEL SOL RESIDENCIAL,QUINTAS DEL SOL RESIDENCIAL
QUINTAS DEL SOL RESIDENCIAL ETAPA VII,QUINTAS DEL SOL RESIDENCIAL ETAPA VII
QUINTAS DEL SUR,QUINTAS DEL SUR
QUINTAS RESIDENCIAL,QUINTAS RESIDENCIAL
RACQUET CLUB II,RACQUET CLUB II
"RACQUET CLUB II, SECC. NORTE","RACQUET CLUB II, SECC. NORTE"
RAL DEL CARMEN,RAL DEL CARMEN
RAMON CORRAL,RAMON CORRAL
RANCHITO,RANCHITO
RANCHO BONIT,RANCHO BONITO
RANCHO BONITO,RANCHO BONITO
RANCHO GRANDE,RANCHO GRANDE
RANCHO GRANDE ALTARES,RANCHO GRANDE ALTARES
RANCHO LAS COCHERAS,RANCHO LAS COCHERAS
RANCHO SAN IGNACIO,RANCHO SAN IGNACIO
RAQUET CLUB,RAQUET CLUB
REAL CARMEN,REAL CARMEN
REAL DE 14,REAL DE 14
REAL DE COBRE,REAL DE COBRE
REAL DE MA MARQUEZA,REAL DE MA MARQUEZA
REAL DE MINAS,REAL DE MINAS
REAL DE QUIROGA,REAL DE QUIROGA
REAL DE SEVILLA,REAL DE SEVILLA
REAL DEL SEBILLA,REAL DE SEVILLA
REAL SE SEVILLA,REAL DE SEVILLA
REAL DE TOLEDO,REAL DE TOLEDO
REAL DEL TOLEDO,REAL DE TOLEDO
RESIDENCIAL REAL DE TOLEDO,REAL DE TOLEDO
REAL DE TOLEDO RESIDENCIAL,REAL DE TOLEDO RESIDENCIAL
REAL DE VALLE,REAL DE VALLE
REAL DEL ALAMITO,REAL DEL ALAMITO
REAL DEL ARCO,REAL DEL ARCO
REAL DEL CARDO,REAL DEL CARDO
REAL DEL CARMEN,REAL DEL CARMEN
REAL DEL CARMEN RESID.,REAL DEL CARMEN RESID.
REAL DEL CARMEN RESIDENCIAL,REAL DEL CARMEN RESIDENCIAL
REAL DEL COBRE,REAL DEL COBRE
REAL DEL LLANO,REAL DEL LLANO
REAL DE MONTEJO,REAL DEL MONTEJO
REAL DEL MONTEJO,REAL DEL MONTEJO
RED 2000,RED 2000
REFORMA,REFORMA
RENACIMIENTO,RENACIMIENTO
RESEIDENCIAL PENASCO,RESEIDENCIAL PENASCO
ALAMOS,RESIDENCIAL ALAMOS
RESIDENCIAL ALONDRA,RESIDENCIAL ALONDRA
RESIDENCIAL ALTACALIFORNIA,RESIDENCIAL ALTACALIFORNIA
ARIZONA,RESIDENCIAL ARIZONA
CAPISTRANO,RESIDENCIAL CAPISTRANO
RESIDENCIAL CAPISTRANO,RESIDENCIAL CAPISTRANO
RESIDENCIAL CONDOMINAL,RESIDENCIAL CONDOMINAL
RESIDENCIAL CORDOBA,RESIDENCIAL CORDOBA
RESIDENCIAL DE ANZA,RESIDENCIAL DE ANZA
RESIDENCIAL DE LOS ALTOS,RESIDENCIAL DE LOS ALTOS
RESIDENCIAL DE TOLEDO,RESIDENCIAL DE TOLEDO
RESIDENCIAL DEL CID,RESIDENCIAL DEL CID
RESIDENCIAL DEL MONTE,RESIDENCIAL DEL MONTE
RESIDENCIAL ESMERALDA,RESIDENCIAL ESMERALDA
RESIDENCIAL ESTANZA,RESIDENCIAL ESTANZA
RESIDENCIAL FIRENCE,RESIDENCIAL FIRENCE
RESIDENCIAL FRESNOS,RESIDENCIAL FRESNOS
GALA,RESIDENCIAL GALA
RESIDENCIAL GALA,RESIDENCIAL GALA
RESIDENCIAL HACIENDAS,RESIDENCIAL HACIENDAS
KINO,RESIDENCIAL KINO
RESIDENCIAL KINO,RESIDENCIAL KINO
RESIDENCIAL LA CAÑADA,RESIDENCIAL LA CAÑADA
LA CIMA,RESIDENCIAL LA CIMA
LA CIMA2,RESIDENCIAL LA CIMA
LAS HACIENDAS,RESIDENCIAL LA HACIENDA
RESIDENCIAL LA HACIENDA,RESIDENCIAL LA HACIENDA
LA RIOJA NORTE,RESIDENCIAL LA RIOJA NORTE
MEDITERRANEO,RESIDENCIAL MEDITERRANEO
NAVARRETE,RESIDENCIAL NAVARRETE
RESIDENCIAL NAVARRETE,RESIDENCIAL NAVARRETE
RESIDENCIAL PEÑASCO,RESIDENCIAL PEÑASCO
RESIDENCIAL PIMA,RESIDENCIAL PIMA
RESIDENCIAL RANCHO SAN IGNACIO,RESIDENCIAL RANCHO SAN IGNACIO
REAL DE CASTILA,RESIDENCIAL REAL DE CASTILLA
REAL DE CASTILLA,RESIDENCIAL REAL DE CASTILLA
RESIDENCIAL RIOJA NORTE,RESIDENCIAL RIOJA NORTE
SAN ANTONIO,RESIDENCIAL SAN ANTONIO
SANTA FE,RESIDENCIAL SANTA FE
RESIDENCIAL SANTERRA,RESIDENCIAL SANTERRA
RESIDENCIAL SEVILLA,RESIDENCIAL SEVILLA
RESIDENCIAL TOLEDO,RESIDENCIAL TOLEDO
VALLE DE LAGO,RESIDENCIAL VALLE DEL LAGO
VALLES DEL LAGO,RESIDENCIAL VALLE DEL LAGO
RESIDENCIAL VENTURA,RESIDENCIAL VENTURA
RESIDENCIAL VERONA,RESIDENCIAL VERONA
INVASION VILLA BONITA,RESIDENCIAL VILLA BONITA
RESIDENCIAL VILLA BONITA,RESIDENCIAL VILLA BONITA
VILLA BONITA,RESIDENCIAL VILLA BONITA
VILLA FLORENCIA,RESIDENCIAL VILLA FLORENCIA
RESIDENCILA VENTURA,RESIDENCILA VENTURA
RESIDENCIOAL CORSICA,RESIDENCIOAL CORSICA
RESIENCIAL VILLA CONCORDIA,RESIENCIAL VILLA CONCORDIA
FRACC. RETORNO DE LA MISION,RETORNO DE LA MISION
RETORNO EL DORADO PRIMERA SECC.,RETORNO EL DORADO PRIMERA SECC.
REVOLUCION 1,REVOLUCION 1
REVOLUCION 2,REVOLUCION 2
REVOLUCIÓN I,REVOLUCION 2
REVOLUCIÓN II,REVOLUCIÓN II
RINCON AGRADABLE,RINC0N AGRADABLE
RINCÓN DE PALMAS,RINCON DE PALMAS
RINCON DE MARQUEZ,RINCON DEL MARQUEZ
RINCÓN DEL MARQUEZ,RINCON DEL MARQUEZ
RINCONADA DE LA CRUZ,RINCONADA DE LA CRUZ
RINCONADA NUEVO LEON,RINCONADA NUEVO LEON
RINCÓN DE LA HERRADURA,RINCÓN DE LA HERRADURA
RIO BONITO,RIO BONITO
RIO DE PLATA,RIO DE PLATA
RIO GRANDE,RIO GRANDE
RIO SECO,RIO SECO
RIO SONORA,RIO SONORA
RIOJA NORTE RESIDENCIAL,RIOJA NORTE RESIDENCIAL
RIOJAS RESIDENCIAL,RIOJAS RESIDENCIAL
RIVELLO RESIDENCIAL,RIVELLO RESIDENCIAL
ROMANZA RESIDENCIAL,ROMANZA RESIDENCIAL
ROSARIO I. DE PIEDRA,ROSARIO I. DE PIEDRA
RURAL,RURAL
SABINOS,SABINOS
SABINOSBRITANIA,SABINOSBRITANIA
SACRAMENTO RESIDENCIAL,SACRAMENTO RESIDENCIAL
SAHUARIA INDECO,SAHUARIA INDECO
SAHUARO,SAHUARO
SAHUARO FINAL,SAHUARO FINAL
SAHUARO INDECO,SAHUARO INDECO
SALVADOR ALVARADO\MIGUEL ALEMAN (LA DOCE),SALVADOR ALVARADO\MIGUEL ALEMAN (LA DOCE)
SALVATIERRA RESIDENCIAL,SALVATIERRA RESIDENCIAL
SAN ANDRÉS RESIDENCIAL,SAN ANDRES RESIDENCIAL
SAN ANGEL,SAN ANGEL
COLONIA SAN BENITO,SAN BENITO
SAN BENITO,SAN BENITO
SAN BERNARDINO,SAN BERNARDINO
SAN BOSCO,SAN BOSCO
SAN MARCOS RESIDENCIAL,SAN CARLOS RESIDENCIAL
SAN DIEGO,SAN DIEGO
SAN FRANCISCO,SAN FRANCISCO
SAN FRANCISCO RESIDENCIAL,SAN FRANCISCO RESIDENCIAL
PRIV. SAN GERMAN,SAN GERMAN
SAN GERMAN,SAN GERMAN
SAN ISIDRO,SAN ISIDRO
SAN ISISDRO,SAN ISIDRO
SAN ISIDRO/ EL TRIUNFITO,SAN ISIDRO/ EL TRIUNFITO
SAN JAVIER,SAN JAVIER
SAN JERONIMO,SAN JERONIMO
SA JOSE DE LAS MINITAS,SAN JOSE DE LAS MINITAS
SAN JOSE DE LAS MINITAS,SAN JOSE DE LAS MINITAS
SAN JOSE DE MORADILLAS,SAN JOSE DE MORADILLAS
SAN JUAN,SAN JUAN
SAN JUDAS TADEO,SAN JUDAS TADEO
PRIVADA SAN LORENZO,SAN LORENZO
SAN LORENZO,SAN LORENZO
INVASION SAN LUIS,SAN LUIS
SAN LUIS,SAN LUIS
SAN LUIS NORTE,SAN LUIS NORTE
SAN LUIS REY,SAN LUIS REY
SAN MARCOS,SAN MARCOS
SAN MASRCOS,SAN MARCOS
SANMARCOS,SAN MARCOS
SAN MARCOS II,SAN MARCOS II
SAN PABLO,SAN PABLO
SAN PEDRO,SAN PEDRO
SAN PEDRO EL SAUCITO,SAN PEDRO EL SAUCITO
SAN SEBASTIÁN,SAN SEBASTIAN
SANTA ANITA,SANTA ANITA
SAN ANITA RESIDENCIAL,SANTA ANITA RESIDENCIAL
SANTA BARBARA,SANTA BARBARA
SANTA BÁRBARA,SANTA BARBARA
SANTA CECILIA,SANTA CECILIA
FRACC SANTA CLARA,SANTA CLARA
SANTA CLARA,SANTA CLARA
SANTA ISABEL,SANTA ISABEL
PRIVADA SANTA LUCIA,SANTA LUCIA
SANTA LUCIA,SANTA LUCIA
SANTA LUCIA III ETAPA,SANTA LUCIA III ETAPA
SANTA LUCIA RESIDENCIAL,SANTA LUCIA RESIDENCIAL
SANTA MARIA,SANTA MARIA
SANTA MARTHA,SANTA MARTHA
SANTA MONICA,SANTA MONICA
SANTE FE,SANTE FE
SANTO NIÑO,SANTO NIÑO
SARATOGA,SARATOGA
SARATOGA RESIDENCIAL,SARATOGA RESIDENCIAL
SECC ALAMOS,SECC ALAMOS
SECCION CORDOVA RESIDENCIAL,SECCION CORDOVA RESIDENCIAL
SECCION LAS PLACITAS,SECCION LAS PLACITAS
SECCION LOS ALAMOS,SECCION LOS ALAMOS
SECCION PLACITAS,SECCION PLACITAS
SECCION SANTA MONICA,SECCION SANTA MONICA
SECTOR A\MIGUEL ALEMAN (LA DOCE),SECTOR A\MIGUEL ALEMAN (LA DOCE)
SECTOR B\MIGUEL ALEMAN (LA DOCE),SECTOR B\MIGUEL ALEMAN (LA DOCE)
SECTOR CTEL FFCC,SECTOR CTEL FFCC
SECTOR C\MIGUEL ALEMAN (LA DOCE),SECTOR C\MIGUEL ALEMAN (LA DOCE)
SECTOR D\MIGUEL ALEMAN (LA DOCE),SECTOR D\MIGUEL ALEMAN (LA DOCE)
SEDONA RESIDENCIAL,SEDONA RESIDENCIAL
SEMINARIO,SEMINARIO
SEMINARIO RDCIAL,SEMINARIO RDCIAL
CIENA RESIDENCIAL,SIENA RESIDENCIAL
SIENNA RESIDENCIAL,SIENA RESIDENCIAL
SIERRA ALTA,SIERRA ALTA
SIERRA BONITA,SIERRA BONITA
TIERRA BONITA,SIERRA BONITA
SIERRA CLARA,SIERRA CLARA
SIERRA VISTA,SIERRA VISTA
SIN CLASIFICAR,SIN CLASIFICAR
SIN NOMBRE,SIN NOMBRE
SOL AGUILAR,SOL AGUILAR
SOL AGUILAR (EL TRIUNFO),SOL AGUILAR (EL TRIUNFO)
SOLARE,SOLARE
SOLEIL RESIDENCIAL,SOLEIL RESIDENCIAL
SOLEIL RESIDENCIAL ETAPA 3,SOLEIL RESIDENCIAL ETAPA 3
SOLEIL RESIDENCIAL ETAPA 4,SOLEIL RESIDENCIAL ETAPA 4
SOILIDARIDAD,SOLIDARIDAD
SOLIDARIDAD,SOLIDARIDAD
SOLIDARIDAD V,SOLIDARIDAD
SOLIDARIDAD IV ETAPA,SOLIDARIDAD IV ETAPA
SOLIDARIDAD V ETAPA,SOLIDARIDAD V ETAPA
SONACER,SONACER
SONOMEX,SONOMEX
STANZA,STANZA
STANZA RESIDENCIAL,STANZA RESIDENCIAL
STANZA SOLARE,STANZA SOLARE
ESTAUS,STAUS
STAUS,STAUS
SUBASTA,SUBASTA
TELEFONISTA,TELEFONISTA
TEPITO,TEPITO
TERRABLANCA,TERRA BLANCA
TERRANOVA,TERRANOVA
RESIDENCIAL TERRAZAS DEL MIRADOR,TERRAZAS DEL MIRADOR
TERRENO TELEFONISTAS,TERRENO TELEFONISTAS
TERRENOS CAMPESTRES NUEVO AMANECER,TERRENOS CAMPESTRES NUEVO AMANECER
SIERRA COLORADA,TIERRA COLORADA
TIERRA COLORADA,TIERRA COLORADA
TIERRA NUEVA,TIERRA NUEVA
TIERRA NUEVA QUINTA ETAPA,TIERRA NUEVA QUINTA ETAPA
TIRO AL BLANCO,TIRO AL BLANCO
TIROCAPES,TIROCAPES
TOPACIO RESIDENCIAL,TOPACIO RESIDENCIAL
TOPAHUE,TOPAHUE
TORRALBA,TORRALBA
TORRE PLATA,TORRE PLATA
TORREPLATA,TORREPLATA
TOSALI,TOSALI
TRES REYES,TRES REYES
TRES REYNAS INVASION,TRES REYNAS INVASION
TRINIDAD SANCHEZ LEYVA,TRINIDAD SANCHEZ LEYVA
TRONCONAL,TRONCONAL
TUBAC,TUBAC
TUMACACORI,TUMACACORI
UNA COLONIA AL SUR DE VISTA REAL,UNA COLONIA AL SUR DE VISTA REAL
UNIÓN DE COLONOS,UNION DE COLONOS
UNION DE LADRILLEROS,UNION DE LADRILLEROS
UNIÓN DE LADRILLEROS,UNION DE LADRILLEROS
UNUIN DE LADRILLEROS,UNION DE LADRILLEROS
PRIVADA UNIVERSIDAD,UNIVERSIDAD
UNIVERSIDAD DE SONORA,UNIVERSIDAD DE SONORA
URBI ALAMEDA LOS ENCINOS RESIDENCIAL I,URBI ALAMEDA LOS ENCINOS RESIDENCIAL I
URBI ALAMEDA LOS ENCINOS RESIDENCIAL II,URBI ALAMEDA LOS ENCINOS RESIDENCIAL II
URBI ALAMEDA SECCION LOS FRESNO,URBI ALAMEDA SECCION LOS FRESNO
URBI DE ALAMEDA LOS FRENOS,URBI DE ALAMEDA LOS FRENOS
URBI VILLA,URBI VILLA
URBI VILLA ALAMEDA FRESNOS,URBI VILLA ALAMEDA FRESNOS
URBI VILLA CAMPESTRE,URBI VILLA CAMPESTRE
URBI VILLA DE LOS FRESNOS,URBI VILLA DE LOS FRESNOS
FRACC. URBI VILLA DEL CEDRO,URBI VILLA DEL CEDRO
URBI VILLA DEL CEDRO,URBI VILLA DEL CEDRO
URBI VILLA DEL CEDRO SECCION 2,URBI VILLA DEL CEDRO SECCION 2
URBI VILLA DEL PRADO,URBI VILLA DEL PRADO
URBI VILLA DEL REY,URBI VILLA DEL REY
URBI VILLA DEL REY II,URBI VILLA DEL REY
URBI VILLA DEL REY III SECCION ENCINOS 1,URBI VILLA DEL REY III SECCION ENCINOS 1
URBI VILLA DEL REY III SECCION LOS ENCINOS ETAPA I,URBI VILLA DEL REY III SECCION LOS ENCINOS ETAPA I
URBI VILLA FRESNOS RESIDENCIAL,URBI VILLA FRESNOS RESIDENCIAL
URBI VILLA SECCION FRESNOS,URBI VILLA SECCION FRESNOS
VADO DEL RIO,VADO DEL RIO
VALLADOLID,VALLADOLID
VALLE BONITO,VALLE BONITO
VALLE DE AGUALURCA,VALLE DE AGUALURCA
VALLE DE ARANDAS,VALLE DE ARANDAS
VALLE DE ARANDAS RESIDENCIAL,VALLE DE ARANDAS RESIDENCIAL
VALLE DE JEREZ,VALLE DE JEREZ
VALLE DE LOS ALMENDROS,VALLE DE LOS ALMENDROS
VALLE DE MARQUEZ,VALLE DE MARQUEZ
VALLE DLE MARQUEZ,VALLE DE MARQUEZ
VALLE DE SANTA MONICA,VALLE DE SANTA MONICA
VALLE DEL PORTAL,VALLE DEL PORTAL
VALLE DEL QIROGA,VALLE DEL QIROGA
VALLE DEL QUIROGA,VALLE DEL QUIROGA
VALLE DEL SOL,VALLE DEL SOL
VALLE DORADO,VALLE DORADO
VALLE ESCONDIDO,VALLE ESCONDIDO
VALLE GRANDE,VALLE GRANDE
VALLE HERMOSO,VALLE HERMOSO
VALLE SANTA MONICA,VALLE SANTA MONICA
VALLE SANTA MÓNICA,VALLE SANTA MÓNICA
VALLE VERDE,VALLE VERDE
VALLES DEL LAGO SECC ATARDECER,VALLES DEL LAGO SECC ATARDECER
VALLES DEL LAGO SECC. AMANECERES,VALLES DEL LAGO SECC. AMANECERES
VALLES DEL LAGO SECC. ATARDECER,VALLES DEL LAGO SECC. ATARDECER
FRACCIONAMIENTO VELAS,VELAS
VENDIMIAS,VENDIMIAS
VERBENA,VERBENA
VEREDAS,VEREDAS
VERONA,VERONA
VERONA RESIDENCIAL,VERONA RESIDENCIAL
VERONICA ANZURES,VERONICA ANZURES
VERSALLES,VERSALLES
VERSALLES RESIDENCIAL,VERSALLES RESIDENCIAL
VICTORIA,VICTORIA
VILLA CALIFORNIA,VILLA CALIFORNIA
VILLA CALIFORNIA SECC. CORDOVA,VILLA CALIFORNIA SECC. CORDOVA
VILLA COLONIA,VILLA COLONIAL
VILLA COLONIAL,VILLA COLONIAL
VILLA CORSO,VILLA CORSO
VILLA CORTEZ,VILLA CORTEZ
VILLA DE ALCALA,VILLA DE ALCALA
VILLA DE ARANDAS,VILLA DE ARANDAS
VILLA DE CEDROS,VILLA DE CEDROS
VILLA DE CORCELES,VILLA DE CORCELES
VILLA DE LOS CORCELES,VILLA DE LOS CORCELES
VILLA DE LOS CORCELES SECC. ARDENES,VILLA DE LOS CORCELES SECC. ARDENES
VILLA DE LOS CORCELES SECC. BRAVANTE,VILLA DE LOS CORCELES SECC. BRAVANTE
VILLA DE LOS SAUCES,VILLA DE LOS SAUCES
VILLA DE PARRAS,VILLA DE PARRAS
VILLAS DE PARRAS,VILLA DE PARRAS
VILLA DE ROMANZA RESIDENCIAL,VILLA DE ROMANZA RESIDENCIAL
VILLA DE SAN LORENZO,VILLA DE SAN LORENZO
VILLA DE SANTA MONICA,VILLA DE SANTA MONICA
VILLA DE SERIS,VILLA DE SERIS
VILLA DEL SERI,VILLA DE SERIS
VILLA DE SERIS NORTE,VILLA DE SERIS NORTE
VILLA DE SERIS SUR,VILLA DE SERIS SUR
VILLA DEL COLORADO,VILLA DEL COLORADO
VILLA DEL LAGO,VILLA DEL LAGO
VILLA DEL PITIC,VILLA DEL PITIC
VILLAS DEL PITIC,VILLA DEL PITIC
VILLA DEL REY,VILLA DEL REY
VILLA DEL REY SECCION CASTAÑOS,VILLA DEL REY SECCION CASTAÑOS
VILLA DEL SERI NORTE,VILLA DEL SERI NORTE
VILLA DEL SOL,VILLA DEL SOL
VILLA DORADA,VILLA DORADA
VILLA FONTANA,VILLA FONTANA
VILLA FRESNOS,VILLA FRESNOS
VILLA GUADALUPE,VILLA GUADALUPE
VILLA HERMOSA,VILLA HERMOSA
VILLA HIDALGO,VILLA HIDALGO
VILLA LOURDES,VILLA LOURDES
VILLA MERCEDES,VILLA MERCEDES
VILLA MERLOT RESIDENCIAL,VILLA MERLOT RESIDENCIAL
VILLA REAL,VILLA REAL
VILLA RESIDENCIAL BONITA ETAPA I AL XII,VILLA RESIDENCIAL BONITA ETAPA I AL XII
"VILLA RESIDENCIAL BONITA IX,X,XI Y XII","VILLA RESIDENCIAL BONITA IX,X,XI Y XII"
VILLA RESIDENCIAL MILAN,VILLA RESIDENCIAL MILAN
VILLA RESIDENCIAL VILLA BONITA,VILLA RESIDENCIAL VILLA BONITA
VILLA ROMANZA RESIDENCIAL,VILLA ROMANZA RESIDENCIAL
VILLA SAN LORENZO,VILLA SAN LORENZO
VILLA SATÉLITE,VILLA SATELITE
VILLA SAUCES,VILLA SAUCES
VILLA SOL,VILLA SOL
VILLA SONORA,VILLA SONORA
VILLA SURENA,VILLA SUREÑA
VILLA SUREÑA,VILLA SUREÑA
VILLASUREÑA,VILLA SUREÑA
VILLA TOLEDO,VILLA TOLEDO
VILLA TOSCANA,VILLA TOSCANA
VILLA VERDE,VILLA VERDE
VILLA VERDE 4 ETAPA,VILLA VERDE 4 ETAPA
VILLA VERDE 5TA ETAPA,VILLA VERDE 5TA ETAPA
VILLA VERDE IV ETAPA,VILLA VERDE IV ETAPA
VILLAS DE COLORADA,VILLAS DE COLORADA
VILLAS DE SAN LORENZO,VILLAS DE SAN LORENZO
VILLAS DE TURIN,VILLAS DE TURIN
VILLAS DEL CENTENARIO,VILLAS DEL CENTENARIO
VILLAS DEL CERRO COLORADO,VILLAS DEL CERRO COLORADO
VILLA DEL CORTES,VILLAS DEL CORTEZ
VILLAS DE CORTES,VILLAS DEL CORTEZ
VILLAS DE CORTEZ,VILLAS DEL CORTEZ
VILLAS DEL CORTES,VILLAS DEL CORTEZ
VILLA DEL CORTIJO,VILLAS DEL CORTIJO
VILLAS DEL CORTIJO,VILLAS DEL CORTIJO
"VILLAS DEL MEDITERRÁNEO ETAPA II, III","VILLAS DEL MEDITERRÁNEO ETAPA II, III"
VILLAS DE PALMAR,VILLAS DEL PALMAR
VILLAS DEL PALMAR,VILLAS DEL PALMAR
VILLA DEL PRADO,VILLAS DEL PRADO
VILLAS DEL PRADO,VILLAS DEL PRADO
VILLA DE REAL,VILLAS DEL REAL
VILLA DEL REAL,VILLAS DEL REAL
VILLAS DEL SAN LORENZO,VILLAS DEL SAN LORENZO
VILLAS DEL SERI,VILLAS DEL SERI
VILLA DEL SUR,VILLAS DEL SUR
VILLAS DEL SUR CERRADA VILLLA GUADALUPE,VILLAS DEL SUR CERRADA VILLLA GUADALUPE
VILLA RESIDENCIAL,VILLAS RESIDENCIAL
VIRREYES,VIRREYES
VISTA BELLA,VISTA BELLA
VISTA DEL LAGO,VISTA DEL LAGO
VISTA DEL SOL,VISTA DEL SOL
VISTA HERMOSA,VISTA HERMOSA
FRACC. VISTA REAL,VISTA REAL
VISTA REAL,VISTA REAL
VISTAS,VISTAS
VIÑEDOS,VIÑEDOS
VOLLAS DE ROMANZA,VOLLAS DE ROMANZA
Y GRIEGA,Y GRIEGA
YANITO,YANITO
ZASAFRAS RESIDENCIAL,ZASAFRAS RESIDENCIAL
ZONA INDUSTRIAL,ZONA INDUSTRIAL
ZONA MILITAR CUARTEL XV,ZONA MILITAR CUARTEL XV
